time,streamflow_cms
2003-10-01,29.360525
2003-10-02,28.924215
2003-10-03,28.566269
2003-10-04,28.242472
2003-10-05,27.937239
2003-10-06,27.644327
2003-10-07,27.82074
2003-10-08,28.86815
2003-10-09,30.829588
2003-10-10,33.599083
2003-10-11,31.075657
2003-10-12,28.782042
2003-10-13,29.975477
2003-10-14,32.208122
2003-10-15,28.8459
2003-10-16,26.800364
2003-10-17,37.5613
2003-10-18,69.98905
2003-10-19,66.30806
2003-10-20,52.207455
2003-10-21,64.04656
2003-10-22,61.611427
2003-10-23,54.129673
2003-10-24,44.671734
2003-10-25,33.7595
2003-10-26,27.001883
2003-10-27,24.123055
2003-10-28,25.089476
2003-10-29,35.425316
2003-10-30,30.663067
2003-10-31,25.05243
2003-11-01,22.46492
2003-11-02,21.504332
2003-11-03,21.102652
2003-11-04,20.858519
2003-11-05,20.65385
2003-11-06,20.459454
2003-11-07,20.268995
2003-11-08,20.080927
2003-11-09,19.894482
2003-11-10,19.708998
2003-11-11,19.523865
2003-11-12,19.338526
2003-11-13,19.152515
2003-11-14,18.965405
2003-11-15,18.776901
2003-11-16,18.586838
2003-11-17,18.395113
2003-11-18,18.201721
2003-11-19,18.006746
2003-11-20,17.810333
2003-11-21,17.612658
2003-11-22,17.413965
2003-11-23,17.214497
2003-11-24,17.014507
2003-11-25,16.814253
2003-11-26,16.614029
2003-11-27,16.41406
2003-11-28,16.214628
2003-11-29,16.01596
2003-11-30,15.818262
2003-12-01,15.621724
2003-12-02,15.426534
2003-12-03,15.232859
2003-12-04,15.040812
2003-12-05,14.85052
2003-12-06,14.662094
2003-12-07,14.475622
2003-12-08,14.291169
2003-12-09,14.10883
2003-12-10,13.92865
2003-12-11,13.75069
2003-12-12,13.574988
2003-12-13,13.401562
2003-12-14,13.230432
2003-12-15,13.061625
2003-12-16,12.895133
2003-12-17,12.730934
2003-12-18,12.569025
2003-12-19,12.4093685
2003-12-20,12.251932
2003-12-21,12.096704
2003-12-22,11.943651
2003-12-23,11.792716
2003-12-24,11.643875
2003-12-25,11.497107
2003-12-26,11.352374
2003-12-27,11.209659
2003-12-28,11.068934
2003-12-29,10.930175
2003-12-30,10.793374
2003-12-31,10.658508
2004-01-01,10.525542
2004-01-02,10.394461
2004-01-03,10.265228
2004-01-04,10.137826
2004-01-05,10.012217
2004-01-06,9.888357
2004-01-07,9.766185
2004-01-08,9.645645
2004-01-09,9.52668
2004-01-10,9.409223
2004-01-11,9.293193
2004-01-12,9.178499
2004-01-13,9.065063
2004-01-14,8.952801
2004-01-15,8.841638
2004-01-16,8.731485
2004-01-17,8.622288
2004-01-18,8.514
2004-01-19,8.406607
2004-01-20,8.300094
2004-01-21,8.194465
2004-01-22,8.089724
2004-01-23,7.985887
2004-01-24,7.8829694
2004-01-25,7.780995
2004-01-26,7.6800237
2004-01-27,7.5800858
2004-01-28,7.481192
2004-01-29,7.38337
2004-01-30,7.286632
2004-01-31,7.1910205
2004-02-01,7.0965447
2004-02-02,7.0032163
2004-02-03,6.9110527
2004-02-04,6.8200636
2004-02-05,6.7302475
2004-02-06,6.641615
2004-02-07,6.5541677
2004-02-08,6.467904
2004-02-09,6.3828287
2004-02-10,6.2989297
2004-02-11,6.2162127
2004-02-12,6.134669
2004-02-13,6.054297
2004-02-14,5.975088
2004-02-15,5.8970447
2004-02-16,5.8201537
2004-02-17,5.744394
2004-02-18,5.6697493
2004-02-19,5.596217
2004-02-20,5.5237675
2004-02-21,5.4523897
2004-02-22,5.382067
2004-02-23,5.3127894
2004-02-24,5.244543
2004-02-25,5.177303
2004-02-26,5.1110635
2004-02-27,5.045803
2004-02-28,4.9814963
2004-02-29,4.9181256
2004-03-01,4.8556733
2004-03-02,4.7941294
2004-03-03,4.733468
2004-03-04,4.6736794
2004-03-05,4.614735
2004-03-06,4.5566244
2004-03-07,4.4993234
2004-03-08,4.4428263
2004-03-09,4.3871055
2004-03-10,4.332134
2004-03-11,4.2779064
2004-03-12,4.224402
2004-03-13,4.171602
2004-03-14,4.119491
2004-03-15,4.0680537
2004-03-16,4.0172863
2004-03-17,3.967165
2004-03-18,3.9176886
2004-03-19,3.8688595
2004-03-20,3.8206522
2004-03-21,3.7730742
2004-03-22,3.7261095
2004-03-23,3.6797626
2004-03-24,3.634019
2004-03-25,3.588873
2004-03-26,3.5443206
2004-03-27,3.5003545
2004-03-28,3.456973
2004-03-29,3.4141524
2004-03-30,3.374738
2004-03-31,3.4491665
2004-04-01,3.3456473
2004-04-02,3.2585092
2004-04-03,3.2094479
2004-04-04,3.1691163
2004-04-05,3.1301403
2004-04-06,3.091786
2004-04-07,3.054112
2004-04-08,3.0175111
2004-04-09,2.9803717
2004-04-10,2.943654
2004-04-11,2.908008
2004-04-12,2.907134
2004-04-13,3.479499
2004-04-14,5.167456
2004-04-15,4.709268
2004-04-16,3.6533182
2004-04-17,3.025044
2004-04-18,2.7583098
2004-04-19,2.6579766
2004-04-20,2.6116407
2004-04-21,2.5783513
2004-04-22,2.5477552
2004-04-23,2.5203898
2004-04-24,2.5749443
2004-04-25,2.5030572
2004-04-26,2.5319831
2004-04-27,5.821216
2004-04-28,14.267945
2004-04-29,8.597527
2004-04-30,4.594682
2004-05-01,5.3881545
2004-05-02,13.638675
2004-05-03,34.834476
2004-05-04,39.025288
2004-05-05,42.975224
2004-05-06,28.791252
2004-05-07,15.697783
2004-05-08,12.209857
2004-05-09,22.237381
2004-05-10,22.25236
2004-05-11,19.285196
2004-05-12,11.749787
2004-05-13,6.0846744
2004-05-14,3.4756534
2004-05-15,2.4922562
2004-05-16,2.8907552
2004-05-17,9.503165
2004-05-18,21.143726
2004-05-19,31.618382
2004-05-20,42.57069
2004-05-21,46.467182
2004-05-22,38.332123
2004-05-23,23.6786
2004-05-24,13.103536
2004-05-25,9.441305
2004-05-26,20.236217
2004-05-27,33.81253
2004-05-28,42.610497
2004-05-29,47.731274
2004-05-30,51.39287
2004-05-31,49.897545
2004-06-01,47.47726
2004-06-02,48.66508
2004-06-03,56.20026
2004-06-04,73.1583
2004-06-05,93.154884
2004-06-06,108.71058
2004-06-07,150.39404
2004-06-08,139.32956
2004-06-09,109.54858
2004-06-10,99.691605
2004-06-11,105.68039
2004-06-12,114.2429
2004-06-13,124.18434
2004-06-14,118.219376
2004-06-15,99.206985
2004-06-16,74.35447
2004-06-17,62.725872
2004-06-18,61.78013
2004-06-19,65.9692
2004-06-20,74.05821
2004-06-21,82.41813
2004-06-22,92.99442
2004-06-23,96.56999
2004-06-24,96.898834
2004-06-25,99.02085
2004-06-26,105.65168
2004-06-27,100.02858
2004-06-28,92.8661
2004-06-29,79.71248
2004-06-30,83.516304
2004-07-01,106.4207
2004-07-02,133.40488
2004-07-03,129.65817
2004-07-04,155.56125
2004-07-05,150.92009
2004-07-06,117.38762
2004-07-07,106.31588
2004-07-08,135.20184
2004-07-09,125.145256
2004-07-10,107.209755
2004-07-11,104.90494
2004-07-12,114.104454
2004-07-13,109.10331
2004-07-14,99.80822
2004-07-15,93.846146
2004-07-16,91.40587
2004-07-17,90.531944
2004-07-18,89.97362
2004-07-19,89.46763
2004-07-20,90.25912
2004-07-21,90.60379
2004-07-22,90.27501
2004-07-23,91.6991
2004-07-24,87.97847
2004-07-25,85.03949
2004-07-26,83.721565
2004-07-27,84.44528
2004-07-28,82.90244
2004-07-29,80.499626
2004-07-30,78.584076
2004-07-31,77.0696
2004-08-01,77.06086
2004-08-02,83.554405
2004-08-03,78.52146
2004-08-04,75.98782
2004-08-05,74.67886
2004-08-06,74.28668
2004-08-07,85.590805
2004-08-08,104.170135
2004-08-09,93.83768
2004-08-10,79.16745
2004-08-11,69.00651
2004-08-12,63.79424
2004-08-13,61.203186
2004-08-14,59.670918
2004-08-15,58.671154
2004-08-16,61.616238
2004-08-17,69.141426
2004-08-18,65.39349
2004-08-19,59.44559
2004-08-20,64.23468
2004-08-21,58.681213
2004-08-22,95.98804
2004-08-23,114.995384
2004-08-24,104.358185
2004-08-25,97.04872
2004-08-26,100.14759
2004-08-27,94.08817
2004-08-28,73.10941
2004-08-29,59.96003
2004-08-30,55.27764
2004-08-31,54.16377
2004-09-01,51.98497
2004-09-02,57.785664
2004-09-03,91.39018
2004-09-04,98.283195
2004-09-05,77.67119
2004-09-06,60.369503
2004-09-07,50.31288
2004-09-08,45.44197
2004-09-09,51.946518
2004-09-10,75.57405
2004-09-11,75.00616
2004-09-12,69.21792
2004-09-13,59.41519
2004-09-14,50.068417
2004-09-15,49.2806
2004-09-16,52.384968
2004-09-17,54.33353
2004-09-18,57.645958
2004-09-19,62.938244
2004-09-20,56.48159
2004-09-21,49.55856
2004-09-22,44.507805
2004-09-23,42.36912
2004-09-24,41.488857
2004-09-25,40.901375
2004-09-26,40.441425
2004-09-27,40.142067
2004-09-28,39.886295
2004-09-29,46.823933
2004-09-30,53.66781
2004-10-01,49.27969
2004-10-02,43.569195
2004-10-03,40.228916
2004-10-04,38.675343
2004-10-05,37.972397
2004-10-06,37.68772
2004-10-07,38.60016
2004-10-08,39.047253
2004-10-09,41.066097
2004-10-10,47.324394
2004-10-11,44.363445
2004-10-12,40.009235
2004-10-13,37.19165
2004-10-14,41.623966
2004-10-15,75.09992
2004-10-16,69.97686
2004-10-17,53.746857
2004-10-18,41.769253
2004-10-19,35.900833
2004-10-20,33.613644
2004-10-21,32.758213
2004-10-22,32.32749
2004-10-23,31.995817
2004-10-24,31.683615
2004-10-25,31.375753
2004-10-26,31.06977
2004-10-27,30.764866
2004-10-28,30.460194
2004-10-29,30.155045
2004-10-30,29.848837
2004-10-31,29.541002
2004-11-01,29.23109
2004-11-02,28.918785
2004-11-03,28.60381
2004-11-04,28.286007
2004-11-05,27.96532
2004-11-06,27.641897
2004-11-07,27.315832
2004-11-08,26.987402
2004-11-09,26.656948
2004-11-10,26.324774
2004-11-11,25.9912
2004-11-12,25.656727
2004-11-13,25.322107
2004-11-14,24.987982
2004-11-15,24.655031
2004-11-16,24.323818
2004-11-17,23.994843
2004-11-18,23.668543
2004-11-19,23.345268
2004-11-20,23.0253
2004-11-21,22.708931
2004-11-22,22.39629
2004-11-23,22.087505
2004-11-24,21.782726
2004-11-25,21.481955
2004-11-26,21.185207
2004-11-27,20.892532
2004-11-28,20.603882
2004-11-29,20.31923
2004-11-30,20.038536
2004-12-01,19.761776
2004-12-02,19.488913
2004-12-03,19.219875
2004-12-04,18.954586
2004-12-05,18.692999
2004-12-06,18.4351
2004-12-07,18.180779
2004-12-08,17.92995
2004-12-09,17.682592
2004-12-10,17.438692
2004-12-11,17.198156
2004-12-12,16.960958
2004-12-13,16.727123
2004-12-14,16.496632
2004-12-15,16.269466
2004-12-16,16.045626
2004-12-17,15.825128
2004-12-18,15.607942
2004-12-19,15.394076
2004-12-20,15.183556
2004-12-21,14.976331
2004-12-22,14.77242
2004-12-23,14.571847
2004-12-24,14.374585
2004-12-25,14.180602
2004-12-26,13.9898815
2004-12-27,13.802434
2004-12-28,13.618215
2004-12-29,13.437186
2004-12-30,13.259315
2004-12-31,13.084565
2005-01-01,12.912891
2005-01-02,12.744224
2005-01-03,12.578519
2005-01-04,12.415726
2005-01-05,12.2558
2005-01-06,12.098641
2005-01-07,11.944189
2005-01-08,11.792416
2005-01-09,11.643223
2005-01-10,11.496534
2005-01-11,11.352296
2005-01-12,11.210424
2005-01-13,11.070835
2005-01-14,10.933459
2005-01-15,10.798228
2005-01-16,10.665074
2005-01-17,10.533899
2005-01-18,10.404653
2005-01-19,10.277267
2005-01-20,10.151665
2005-01-21,10.027785
2005-01-22,9.905563
2005-01-23,9.784945
2005-01-24,9.665846
2005-01-25,9.548217
2005-01-26,9.432039
2005-01-27,9.317182
2005-01-28,9.202297
2005-01-29,9.088884
2005-01-30,8.97859
2005-01-31,8.870513
2005-02-01,8.763442
2005-02-02,8.6572
2005-02-03,8.552083
2005-02-04,8.448228
2005-02-05,8.345733
2005-02-06,8.244636
2005-02-07,8.144954
2005-02-08,8.046681
2005-02-09,7.9498267
2005-02-10,7.854394
2005-02-11,7.7603736
2005-02-12,7.667763
2005-02-13,7.5765657
2005-02-14,7.486775
2005-02-15,7.3983865
2005-02-16,7.311391
2005-02-17,7.225764
2005-02-18,7.1414914
2005-02-19,7.0585685
2005-02-20,6.9769645
2005-02-21,6.896648
2005-02-22,6.8175993
2005-02-23,6.7398057
2005-02-24,6.663229
2005-02-25,6.5878506
2005-02-26,6.51364
2005-02-27,6.4405584
2005-02-28,6.368585
2005-03-01,6.2976885
2005-03-02,6.2278366
2005-03-03,6.1589866
2005-03-04,6.0911045
2005-03-05,6.024169
2005-03-06,5.958141
2005-03-07,5.8929873
2005-03-08,5.8286858
2005-03-09,5.765206
2005-03-10,5.7025156
2005-03-11,5.640603
2005-03-12,5.579433
2005-03-13,5.518993
2005-03-14,5.4592757
2005-03-15,5.4002466
2005-03-16,5.341899
2005-03-17,5.2842293
2005-03-18,5.227219
2005-03-19,5.170865
2005-03-20,5.115166
2005-03-21,5.0601077
2005-03-22,5.0056767
2005-03-23,4.9518604
2005-03-24,4.898666
2005-03-25,4.846088
2005-03-26,4.7941127
2005-03-27,4.742738
2005-03-28,4.69195
2005-03-29,4.6417413
2005-03-30,4.592102
2005-03-31,4.5430274
2005-04-01,4.4945035
2005-04-02,4.4465384
2005-04-03,4.399102
2005-04-04,4.3521924
2005-04-05,4.3058085
2005-04-06,4.259954
2005-04-07,4.214615
2005-04-08,4.169767
2005-04-09,4.1254234
2005-04-10,4.081567
2005-04-11,4.038195
2005-04-12,3.9953125
2005-04-13,3.9529195
2005-04-14,3.9109805
2005-04-15,3.8695014
2005-04-16,3.8286502
2005-04-17,3.808258
2005-04-18,3.7607555
2005-04-19,3.7116022
2005-04-20,3.6868515
2005-04-21,4.6510363
2005-04-22,9.969964
2005-04-23,13.618546
2005-04-24,22.873539
2005-04-25,31.596046
2005-04-26,37.766308
2005-04-27,37.562702
2005-04-28,24.351297
2005-04-29,12.918559
2005-04-30,6.8294477
2005-05-01,4.3320184
2005-05-02,3.4995704
2005-05-03,3.3313978
2005-05-04,4.451175
2005-05-05,7.1288548
2005-05-06,14.190496
2005-05-07,22.217842
2005-05-08,29.762691
2005-05-09,35.00658
2005-05-10,39.466244
2005-05-11,36.76638
2005-05-12,43.187622
2005-05-13,50.507034
2005-05-14,59.05276
2005-05-15,70.04704
2005-05-16,78.98839
2005-05-17,103.973114
2005-05-18,105.49064
2005-05-19,91.382866
2005-05-20,84.61656
2005-05-21,65.315636
2005-05-22,47.047813
2005-05-23,32.82824
2005-05-24,22.672968
2005-05-25,20.128672
2005-05-26,23.4767
2005-05-27,33.11674
2005-05-28,46.218063
2005-05-29,58.24985
2005-05-30,66.45643
2005-05-31,72.36035
2005-06-01,83.30654
2005-06-02,99.60705
2005-06-03,103.881615
2005-06-04,112.87571
2005-06-05,123.19891
2005-06-06,131.37106
2005-06-07,167.30153
2005-06-08,175.78166
2005-06-09,126.90595
2005-06-10,90.04378
2005-06-11,75.36521
2005-06-12,75.63143
2005-06-13,88.897064
2005-06-14,88.091095
2005-06-15,78.44914
2005-06-16,71.17054
2005-06-17,84.16151
2005-06-18,227.32918
2005-06-19,247.729
2005-06-20,178.2046
2005-06-21,119.305435
2005-06-22,88.95284
2005-06-23,82.03552
2005-06-24,82.989044
2005-06-25,96.87924
2005-06-26,120.639824
2005-06-27,117.65938
2005-06-28,158.71823
2005-06-29,172.50061
2005-06-30,136.79243
2005-07-01,113.01986
2005-07-02,102.61934
2005-07-03,106.86792
2005-07-04,101.20803
2005-07-05,96.32231
2005-07-06,94.0038
2005-07-07,94.41785
2005-07-08,94.658615
2005-07-09,103.56611
2005-07-10,104.3595
2005-07-11,98.135956
2005-07-12,92.85645
2005-07-13,89.631966
2005-07-14,87.80392
2005-07-15,86.104675
2005-07-16,92.93673
2005-07-17,114.9975
2005-07-18,105.00603
2005-07-19,95.58036
2005-07-20,88.21395
2005-07-21,80.949875
2005-07-22,76.28324
2005-07-23,81.51589
2005-07-24,84.7354
2005-07-25,90.69116
2005-07-26,83.81942
2005-07-27,75.44212
2005-07-28,69.62541
2005-07-29,67.32727
2005-07-30,65.84162
2005-07-31,64.111664
2005-08-01,62.297455
2005-08-02,60.84125
2005-08-03,59.701683
2005-08-04,58.615376
2005-08-05,57.51912
2005-08-06,56.464638
2005-08-07,55.514038
2005-08-08,56.21344
2005-08-09,62.60339
2005-08-10,62.566925
2005-08-11,59.762978
2005-08-12,66.312325
2005-08-13,63.379093
2005-08-14,55.946953
2005-08-15,51.159016
2005-08-16,49.238926
2005-08-17,69.775665
2005-08-18,87.0642
2005-08-19,71.5038
2005-08-20,55.64478
2005-08-21,47.454212
2005-08-22,44.0304
2005-08-23,56.0804
2005-08-24,107.12707
2005-08-25,95.8109
2005-08-26,66.59598
2005-08-27,49.555054
2005-08-28,42.107338
2005-08-29,39.56907
2005-08-30,50.547844
2005-08-31,50.324524
2005-09-01,44.702503
2005-09-02,39.906384
2005-09-03,37.32428
2005-09-04,36.452896
2005-09-05,38.461105
2005-09-06,37.94601
2005-09-07,36.15453
2005-09-08,34.68332
2005-09-09,61.317154
2005-09-10,107.341736
2005-09-11,123.74239
2005-09-12,92.22561
2005-09-13,66.15001
2005-09-14,52.566425
2005-09-15,45.436222
2005-09-16,43.736473
2005-09-17,40.809082
2005-09-18,35.665234
2005-09-19,32.594395
2005-09-20,34.172226
2005-09-21,36.09695
2005-09-22,35.60372
2005-09-23,41.254623
2005-09-24,39.7123
2005-09-25,35.673615
2005-09-26,33.339035
2005-09-27,34.972206
2005-09-28,39.352085
2005-09-29,44.49866
2005-09-30,69.16777
