Date,CAN_05BB001
2002-10-01,882.86500287814
2002-10-02,836.956049671378
2002-10-03,815.767276130852
2002-10-04,801.641449556253
2002-10-05,780.452676015727
2002-10-06,769.858255566836
2002-10-07,780.452676015727
2002-10-08,794.578502590326
2002-10-09,769.858255566836
2002-10-10,741.606602417638
2002-10-11,723.949302360075
2002-10-12,688.634702244949
2002-10-13,702.760528819549
2002-10-14,688.634702244949
2002-10-15,674.50887567035
2002-10-16,663.91445522146
2002-10-17,649.78862864686
2002-10-18,639.194275555224
2002-10-19,625.068448980625
2002-10-20,618.005502014698
2002-10-21,607.411148923062
2002-10-22,603.879675440099
2002-10-23,568.565075324973
2002-10-24,519.124614956621
2002-10-25,504.998788382021
2002-10-26,508.530228186358
2002-10-27,487.341488324459
2002-10-28,480.278575037159
2002-10-29,462.621274979596
2002-10-30,384.929127783418
2002-10-31,360.208914438556
2002-11-01,388.460601266382
2002-11-02,399.054988036645
2002-11-03,395.523514553681
2002-11-04,399.054988036645
2002-11-05,402.586427840981
2002-11-06,427.306674864471
2002-11-07,459.089801496633
2002-11-08,466.152714783932
2002-11-09,469.684188266896
2002-11-10,466.152714783932
2002-11-11,455.558328013669
2002-11-12,441.43250143907
2002-11-13,434.36958815177
2002-11-14,427.306674864471
2002-11-15,423.775201381507
2002-11-16,413.180814611244
2002-11-17,416.712288094207
2002-11-18,413.180814611244
2002-11-19,413.180814611244
2002-11-20,413.180814611244
2002-11-21,409.649374806908
2002-11-22,406.117901323944
2002-11-23,391.992074749345
2002-11-24,312.887344895707
2002-11-25,281.457355508253
2002-11-26,301.233529552006
2002-11-27,346.083087863956
2002-11-28,363.740387921519
2002-11-29,360.208914438556
2002-11-30,350.320835836336
2002-12-01,336.548129667131
2002-12-02,335.841855177715
2002-12-03,347.495670521416
2002-12-04,311.474762238247
2002-12-05,264.50634677942
2002-12-06,282.163646836983
2002-12-07,280.044772850793
2002-12-08,295.230044838144
2002-12-09,304.765003034969
2002-12-10,311.474762238247
2002-12-11,335.841855177715
2002-12-12,335.488701093693
2002-12-13,349.261407262898
2002-12-14,349.614527668293
2002-12-15,353.146001151256
2002-12-16,353.146001151256
2002-12-17,348.201945010833
2002-12-18,325.247468407452
2002-12-19,310.768487748831
2002-12-20,277.219607535873
2002-12-21,260.26859880704
2002-12-22,249.321074792069
2002-12-23,259.915461562332
2002-12-24,255.677696750639
2002-12-25,263.446918205982
2002-12-26,285.341966235925
2002-12-27,301.233529552006
2002-12-28,307.943322433911
2002-12-29,316.065664294649
2002-12-30,315.00623572121
2002-12-31,317.125092868087
2003-01-01,313.946807147772
2003-01-02,322.06914900851
2003-01-03,330.897799037292
2003-01-04,331.95722761073
2003-01-05,336.901283751153
2003-01-06,333.36981026819
2003-01-07,325.247468407452
2003-01-08,318.890829609569
2003-01-09,294.87692443275
2003-01-10,264.50634677942
2003-01-11,264.153209534712
2003-01-12,302.999266293487
2003-01-13,315.712510210627
2003-01-14,301.939837720049
2003-01-15,305.471277524386
2003-01-16,301.233529552006
2003-01-17,295.230044838144
2003-01-18,294.87692443275
2003-01-19,298.055210153064
2003-01-20,303.705574461531
2003-01-21,294.87692443275
2003-01-22,263.09376412196
2003-01-23,286.401394809363
2003-01-24,307.943322433911
2003-01-25,307.237014265867
2003-01-26,310.415333664809
2003-01-27,315.00623572121
2003-01-28,305.471277524386
2003-01-29,293.817462180684
2003-01-30,294.87692443275
2003-01-31,295.230044838144
2003-02-01,291.345450949786
2003-02-02,281.810509592275
2003-02-03,276.160178962435
2003-02-04,274.747596304975
2003-02-05,266.978374849632
2003-02-06,252.852531435719
2003-02-07,251.086811533551
2003-02-08,257.443433492121
2003-02-09,262.38747279323
2003-02-10,259.915461562332
2003-02-11,250.380520204821
2003-02-12,248.614783463339
2003-02-13,238.020396693076
2003-02-14,241.551870176039
2003-02-15,242.611298749478
2003-02-16,245.436464064397
2003-02-17,244.023881406938
2003-02-18,236.960968119638
2003-02-19,234.842094133448
2003-02-20,235.548385462178
2003-02-21,221.422542048265
2003-02-22,209.415572620542
2003-02-23,199.174339934301
2003-02-24,223.541416034455
2003-02-25,227.779164006835
2003-02-26,235.548385462178
2003-02-27,244.377035490959
2003-02-28,239.079842105828
2003-03-01,243.317590078208
2003-03-02,241.551870176039
2003-03-03,239.786133434558
2003-03-04,226.013444104667
2003-03-05,241.905007420748
2003-03-06,222.481987461017
2003-03-07,220.716250719535
2003-03-08,229.544900748316
2003-03-09,243.670744162229
2003-03-10,263.446918205982
2003-03-11,276.160178962435
2003-03-12,284.282537662487
2003-03-13,307.237014265867
2003-03-14,305.118157118991
2003-03-15,291.345450949786
2003-03-16,276.160178962435
2003-03-17,273.688150892223
2003-03-18,272.275568234763
2003-03-19,278.632190193333
2003-03-20,275.100733549683
2003-03-21,278.632190193333
2003-03-22,280.044772850793
2003-03-23,282.869955005027
2003-03-24,277.572761619895
2003-03-25,273.334996808202
2003-03-26,274.394442220953
2003-03-27,276.866470291165
2003-03-28,275.453887633705
2003-03-29,277.219607535873
2003-03-30,281.457355508253
2003-03-31,296.28950709021
2003-04-01,292.404879523224
2003-04-02,281.104218263545
2003-04-03,271.216122822012
2003-04-04,271.216122822012
2003-04-05,275.453887633705
2003-04-06,273.688150892223
2003-04-07,282.516800921005
2003-04-08,291.345450949786
2003-04-09,309.355905091371
2003-04-10,311.827916322269
2003-04-11,321.715994924488
2003-04-12,325.953742896868
2003-04-13,338.313866408613
2003-04-14,350.320835836336
2003-04-15,344.670505206496
2003-04-16,343.964197038453
2003-04-17,332.663535778773
2003-04-18,321.715994924488
2003-04-19,315.712510210627
2003-04-20,321.009720435072
2003-04-21,339.020174576657
2003-04-22,360.208914438556
2003-04-23,399.054988036645
2003-04-24,437.901027956106
2003-04-25,840.487455797087
2003-04-26,1055.9065299708
2003-04-27,918.179602993266
2003-04-28,812.235802647889
2003-04-29,720.417828877112
2003-04-30,656.851575612787
2003-05-01,653.320102129824
2003-05-02,674.50887567035
2003-05-03,699.229055336585
2003-05-04,656.851575612787
2003-05-05,618.005502014698
2003-05-06,600.348201957135
2003-05-07,572.096548807936
2003-05-08,543.844828301483
2003-05-09,522.656088439584
2003-05-10,512.061701669321
2003-05-11,512.061701669321
2003-05-12,554.439215071747
2003-05-13,621.536975497661
2003-05-14,706.292002302512
2003-05-15,829.893102705451
2003-05-16,847.550402763014
2003-05-17,766.326849441127
2003-05-18,716.886355394148
2003-05-19,663.91445522146
2003-05-20,639.194275555224
2003-05-21,625.068448980625
2003-05-22,632.131328589297
2003-05-23,692.166175727913
2003-05-24,942.899850016755
2003-05-25,2765.13329678594
2003-05-26,4908.72941600246
2003-05-27,4696.8418153117
2003-05-28,4449.63961450583
2003-05-29,4873.41481588733
2003-05-30,5191.24621692346
2003-05-31,5226.56081703859
2003-06-01,5261.87541715371
2003-06-02,5544.39221807472
2003-06-03,4944.04401611758
2003-06-04,4343.69581416045
2003-06-05,4308.38121404532
2003-06-06,4343.69581416045
2003-06-07,4555.5834148512
2003-06-08,5191.24621692346
2003-06-09,5403.13381761422
2003-06-10,5367.81921749909
2003-06-11,5791.5944188806
2003-06-12,5226.56081703859
2003-06-13,5014.67321634783
2003-06-14,5191.24621692346
2003-06-15,4802.78561565708
2003-06-16,4273.0666139302
2003-06-17,4202.43741369995
2003-06-18,4555.5834148512
2003-06-19,5297.19001726884
2003-06-20,5544.39221807472
2003-06-21,5403.13381761422
2003-06-22,4696.8418153117
2003-06-23,4096.49361335457
2003-06-24,3602.08921174281
2003-06-25,3227.75450440828
2003-06-26,3142.99941024618
2003-06-27,3344.29252313079
2003-06-28,3474.95670521416
2003-06-29,3489.08259914602
2003-06-30,3672.71841197306
2003-07-01,3849.29141254869
2003-07-02,3520.86552370642
2003-07-03,3121.81070406291
2003-07-04,2673.3151209434
2003-07-05,2556.7771022209
2003-07-06,2645.06360250871
2003-07-07,2496.74212036777
2003-07-08,2496.74212036777
2003-07-09,2602.68592071315
2003-07-10,2429.64459569225
2003-07-11,2415.51870176039
2003-07-12,2620.34322077071
2003-07-13,2987.61511585382
2003-07-14,3079.43302226735
2003-07-15,2782.7905968435
2003-07-16,2616.811814645
2003-07-17,2655.65782088584
2003-07-18,2630.93770857686
2003-07-19,2475.5534141845
2003-07-20,2433.17600181796
2003-07-21,2447.30189574981
2003-07-22,2426.11292013752
2003-07-23,2472.02200805879
2003-07-24,2443.77022019508
2003-07-25,2337.82641984971
2003-07-26,2214.22545416128
2003-07-27,2090.62435375834
2003-07-28,2080.0300006667
2003-07-29,2108.2816538159
2003-07-30,2122.40741303324
2003-07-31,2118.87600690754
2003-08-01,2164.7849601143
2003-08-02,2178.91085404615
2003-08-03,2118.87600690754
2003-08-04,2019.99515352809
2003-08-05,1931.70865324027
2003-08-06,1892.86251228493
2003-08-07,1882.26815919329
2003-08-08,1892.86251228493
2003-08-09,1846.95355907817
2003-08-10,1825.7648528949
2003-08-11,1846.95355907817
2003-08-12,1776.32435884792
2003-08-13,1666.84915237683
2003-08-14,1582.09405821473
2003-08-15,1532.65369888225
2003-08-16,1529.12215804204
2003-08-17,1606.81430523821
2003-08-18,1645.66031147905
2003-08-19,1709.22669945788
2003-08-20,1691.56939940032
2003-08-21,1596.21995214658
2003-08-22,1553.84240506553
2003-08-23,1532.65369888225
2003-08-24,1454.96155168608
2003-08-25,1341.95480437477
2003-08-26,1260.73125105289
2003-08-27,1320.7660981915
2003-08-28,1356.08069830663
2003-08-29,1278.38855111045
2003-08-30,1236.0110040294
2003-08-31,1214.82229784612
2003-09-01,1211.29075700591
2003-09-02,1197.16499778856
2003-09-03,1183.03910385671
2003-09-04,1204.22781003998
2003-09-05,1236.0110040294
2003-09-06,1236.0110040294
2003-09-07,1239.54241015511
2003-09-08,1260.73125105289
2003-09-09,1401.98965151339
2003-09-10,1313.70315122557
2003-09-11,1190.10205082263
2003-09-12,1183.03910385671
2003-09-13,1084.15825047726
2003-09-14,1009.99757676404
2003-09-15,995.871750189444
2003-09-16,1013.52905024701
2003-09-17,978.214450131881
2003-09-18,932.305429567865
2003-09-19,900.522302935703
2003-09-20,896.99082945274
2003-09-21,865.207702820577
2003-09-22,836.956049671378
2003-09-23,840.487455797087
2003-09-24,854.613349728941
2003-09-25,829.893102705451
2003-09-26,812.235802647889
2003-09-27,791.047029107363
2003-09-28,780.452676015727
2003-09-29,773.3897290498
2003-09-30,762.795375958164
2003-10-01,748.669549383564
2003-10-02,734.543655451711
2003-10-03,723.949302360075
2003-10-04,716.886355394148
2003-10-05,709.823475785475
2003-10-06,702.760528819549
2003-10-07,699.229055336585
2003-10-08,706.292002302512
2003-10-09,720.417828877112
2003-10-10,709.823475785475
2003-10-11,688.634702244949
2003-10-12,674.50887567035
2003-10-13,670.977402187386
2003-10-14,660.38304909575
2003-10-15,639.194275555224
2003-10-16,628.599855106334
2003-10-17,713.354949268439
2003-10-18,1098.28407705186
2003-10-19,1080.62677699429
2003-10-20,1031.18635030457
2003-10-21,1511.46485798447
2003-10-22,2662.72090256627
2003-10-23,2701.56690880711
2003-10-24,2461.42752025265
2003-10-25,2051.77821280299
2003-10-26,1797.5131997457
2003-10-27,1631.5345522617
2003-10-28,1522.05921107611
2003-10-29,1419.64695157095
2003-10-30,1190.10205082263
2003-10-31,935.836903050828
2003-11-01,1013.52905024701
2003-11-02,999.403156315153
2003-11-03,896.99082945274
2003-11-04,748.669549383564
2003-11-05,639.194275555224
2003-11-06,579.159428416609
2003-11-07,565.03360184201
2003-11-08,582.690901899572
2003-11-09,639.194275555224
2003-11-10,791.047029107363
2003-11-11,847.550402763014
2003-11-12,808.704329164926
2003-11-13,773.3897290498
2003-11-14,745.138075900601
2003-11-15,731.012249326002
2003-11-16,783.98414949869
2003-11-17,801.641449556253
2003-11-18,783.98414949869
2003-11-19,748.669549383564
2003-11-20,670.977402187386
2003-11-21,614.474028531735
2003-11-22,515.593175152285
2003-11-23,473.215628071232
2003-11-24,603.879675440099
2003-11-25,618.005502014698
2003-11-26,625.068448980625
2003-11-27,618.005502014698
2003-11-28,635.662802072261
2003-11-29,625.068448980625
2003-11-30,582.690901899572
2003-12-01,554.439215071747
2003-12-02,504.998788382021
2003-12-03,550.90777526741
2003-12-04,589.753848865499
2003-12-05,572.096548807936
2003-12-06,575.627954933646
2003-12-07,579.159428416609
2003-12-08,550.90777526741
2003-12-09,547.376301784447
2003-12-10,529.719001726884
2003-12-11,476.747101554196
2003-12-12,437.901027956106
2003-12-13,462.621274979596
2003-12-14,494.404401611758
2003-12-15,494.404401611758
2003-12-16,494.404401611758
2003-12-17,483.810014841495
2003-12-18,480.278575037159
2003-12-19,466.152714783932
2003-12-20,448.49541472637
2003-12-21,434.36958815177
2003-12-22,420.243727898544
2003-12-23,395.523514553681
2003-12-24,395.523514553681
2003-12-25,413.180814611244
2003-12-26,402.586427840981
2003-12-27,360.208914438556
2003-12-28,312.534224490312
2003-12-29,324.188039834014
2003-12-30,330.191524547875
2003-12-31,336.195009261737
2004-01-01,336.548129667131
2004-01-02,342.904768465015
2004-01-03,341.845339891576
2004-01-04,316.41881837867
2004-01-05,306.883860181846
2004-01-06,310.415333664809
2004-01-07,318.537709204174
2004-01-08,334.78239292565
2004-01-09,353.146001151256
2004-01-10,363.740387921519
2004-01-11,374.334774691782
2004-01-12,370.803301208819
2004-01-13,370.803301208819
2004-01-14,367.271827725855
2004-01-15,352.792847067234
2004-01-16,337.607591919197
2004-01-17,334.429272520255
2004-01-18,340.079603150095
2004-01-19,332.663535778773
2004-01-20,317.125092868087
2004-01-21,302.292991804071
2004-01-22,306.883860181846
2004-01-23,313.240498979729
2004-01-24,305.824431608407
2004-01-25,289.579714208304
2004-01-26,275.453887633705
2004-01-27,282.516800921005
2004-01-28,289.579714208304
2004-01-29,296.642627495604
2004-01-30,316.771972462692
2004-01-31,330.54464495327
2004-02-01,339.020174576657
2004-02-02,330.191524547875
2004-02-03,321.009720435072
2004-02-04,331.95722761073
2004-02-05,340.079603150095
2004-02-06,328.425787806393
2004-02-07,330.54464495327
2004-02-08,335.135547009671
2004-02-09,322.06914900851
2004-02-10,326.660051064912
2004-02-11,323.48173166597
2004-02-12,316.41881837867
2004-02-13,324.541160239408
2004-02-14,319.950291861634
2004-02-15,347.495670521416
2004-02-16,360.208914438556
2004-02-17,346.789362353373
2004-02-18,344.317351122475
2004-02-19,334.429272520255
2004-02-20,322.422303092532
2004-02-21,311.827916322269
2004-02-22,306.177585692429
2004-02-23,302.646112209466
2004-02-24,309.002751007349
2004-02-25,305.824431608407
2004-02-26,307.943322433911
2004-02-27,306.883860181846
2004-02-28,302.646112209466
2004-02-29,299.467792810524
2004-03-01,299.467792810524
2004-03-02,292.404879523224
2004-03-03,281.104218263545
2004-03-04,294.523770348728
2004-03-05,290.992296865764
2004-03-06,288.520285634866
2004-03-07,287.813977466823
2004-03-08,292.05175911783
2004-03-09,295.936353006188
2004-03-10,290.639142781743
2004-03-11,295.936353006188
2004-03-12,304.411848950947
2004-03-13,300.880409146611
2004-03-14,293.111187691268
2004-03-15,288.873439718888
2004-03-16,290.992296865764
2004-03-17,292.758033607246
2004-03-18,292.758033607246
2004-03-19,290.286022376348
2004-03-20,282.163646836983
2004-03-21,286.401394809363
2004-03-22,302.646112209466
2004-03-23,304.765003034969
2004-03-24,305.118157118991
2004-03-25,302.999266293487
2004-03-26,301.233529552006
2004-03-27,299.467792810524
2004-03-28,298.408364237086
2004-03-29,302.999266293487
2004-03-30,311.474762238247
2004-03-31,343.257922549036
2004-04-01,337.960712324591
2004-04-02,319.597137777612
2004-04-03,317.125092868087
2004-04-04,330.191524547875
2004-04-05,332.310381694752
2004-04-06,334.78239292565
2004-04-07,346.436241947978
2004-04-08,353.146001151256
2004-04-09,353.146001151256
2004-04-10,349.261407262898
2004-04-11,356.677474634219
2004-04-12,381.397687979082
2004-04-13,409.649374806908
2004-04-14,441.43250143907
2004-04-15,459.089801496633
2004-04-16,448.49541472637
2004-04-17,434.36958815177
2004-04-18,427.306674864471
2004-04-19,420.243727898544
2004-04-20,416.712288094207
2004-04-21,413.180814611244
2004-04-22,420.243727898544
2004-04-23,434.36958815177
2004-04-24,455.558328013669
2004-04-25,448.49541472637
2004-04-26,459.089801496633
2004-04-27,543.844828301483
2004-04-28,625.068448980625
2004-04-29,625.068448980625
2004-04-30,632.131328589297
2004-05-01,692.166175727913
2004-05-02,851.081876245978
2004-05-03,985.277329740554
2004-05-04,1059.43800345377
2004-05-05,1158.31885683322
2004-05-06,1084.15825047726
2004-05-07,1002.93462979812
2004-05-08,971.151503165954
2004-05-09,1059.43800345377
2004-05-10,1091.22113008593
2004-05-11,1055.9065299708
2004-05-12,995.871750189444
2004-05-13,928.773956084902
2004-05-14,882.86500287814
2004-05-15,854.613349728941
2004-05-16,854.613349728941
2004-05-17,893.459355969776
2004-05-18,1017.06045637272
2004-05-19,1228.94805706347
2004-05-20,1564.43675815716
2004-05-21,1801.04460587141
2004-05-22,1680.97491159417
2004-05-23,1514.99639882469
2004-05-24,1377.2694044899
2004-05-25,1288.98290420208
2004-05-26,1260.73125105289
2004-05-27,1324.29750431721
2004-05-28,1380.80081061561
2004-05-29,1514.99639882469
2004-05-30,1504.40191101855
2004-05-31,1476.15025786935
2004-06-01,1451.43001084586
2004-06-02,1462.024498652
2004-06-03,1529.12215804204
2004-06-04,1974.08620032132
2004-06-05,2758.07021510551
2004-06-06,3813.97681243356
2004-06-07,4096.49361335457
2004-06-08,3849.29141254869
2004-06-09,3566.77461162769
2004-06-10,3743.34761220331
2004-06-11,5120.61701669321
2004-06-12,5720.96521865035
2004-06-13,5473.76301784447
2004-06-14,4979.35861623271
2004-06-15,4131.8082134697
2004-06-16,3492.61400527173
2004-06-17,3245.41180446585
2004-06-18,3160.65671030374
2004-06-19,3231.28591053399
2004-06-20,3503.20822364885
2004-06-21,4096.49361335457
2004-06-22,4555.5834148512
2004-06-23,5120.61701669321
2004-06-24,5403.13381761422
2004-06-25,5191.24621692346
2004-06-26,5085.30241657809
2004-06-27,4838.10021577221
2004-06-28,4414.3250143907
2004-06-29,4379.01041427557
2004-06-30,4626.21261508145
2004-07-01,5191.24621692346
2004-07-02,5155.93161680834
2004-07-03,5191.24621692346
2004-07-04,5261.87541715371
2004-07-05,5014.67321634783
2004-07-06,4379.01041427557
2004-07-07,4202.43741369995
2004-07-08,3884.60601266382
2004-07-09,3411.39031723533
2004-07-10,3037.0556099008
2004-07-11,2973.48922192197
2004-07-12,2959.36359741913
2004-07-13,2694.50409655569
2004-07-14,2648.59500863442
2004-07-15,2712.16139661325
2004-07-16,2811.04211527819
2004-07-17,2927.58040342972
2004-07-18,3051.18150383265
2004-07-19,3146.53081637189
2004-07-20,3344.29252313079
2004-07-21,3181.84541648701
2004-07-22,2814.5735214039
2004-07-23,2577.96580840417
2004-07-24,2447.30189574981
2004-07-25,2401.39280782854
2004-07-26,2419.0501078861
2004-07-27,2309.57490141502
2004-07-28,2111.81305994161
2004-07-29,1998.80631263031
2004-07-30,1995.2749065046
2004-07-31,2044.71540055158
2004-08-01,1970.55465948111
2004-08-02,1896.39405312515
2004-08-03,1878.73675306758
2004-08-04,1882.26815919329
2004-08-05,1938.7716002062
2004-08-06,1942.30300633191
2004-08-07,1914.05135318271
2004-08-08,1896.39405312515
2004-08-09,1822.23331205468
2004-08-10,1733.94681176686
2004-08-11,1673.91209934276
2004-08-12,1656.25479928519
2004-08-13,1670.38055850254
2004-08-14,1716.2895117093
2004-08-15,1793.98165890548
2004-08-16,1885.79970003351
2004-08-17,1949.36595329783
2004-08-18,1974.08620032132
2004-08-19,1921.11430014864
2004-08-20,1889.33110615922
2004-08-21,1832.82779986082
2004-08-22,2415.51870176039
2004-08-23,2606.21759626788
2004-08-24,2479.08482031021
2004-08-25,2577.96580840417
2004-08-26,2344.88950153014
2004-08-27,2323.70079534687
2004-08-28,2306.04349528931
2004-08-29,2309.57490141502
2004-08-30,2327.23220147258
2004-08-31,2373.14101996483
2004-09-01,2274.26030129989
2004-09-02,2270.72889517418
2004-09-03,2168.31650095452
2004-09-04,2041.18385971136
2004-09-05,2012.93220656216
2004-09-06,1864.61085913573
2004-09-07,1726.88399951545
2004-09-08,1599.75135827229
2004-09-09,1578.56265208902
2004-09-10,1603.28289911251
2004-09-11,1642.12890535334
2004-09-12,1903.45700009107
2004-09-13,1797.5131997457
2004-09-14,1670.38055850254
2004-09-15,1571.49970512309
2004-09-16,1497.33909876713
2004-09-17,1454.96155168608
2004-09-18,1447.89860472015
2004-09-19,1500.87050489284
2004-09-20,1405.5210576391
2004-09-21,1324.29750431721
2004-09-22,1288.98290420208
2004-09-23,1296.04585116801
2004-09-24,1253.66830408696
2004-09-25,1214.82229784612
2004-09-26,1190.10205082263
2004-09-27,1175.97615689078
2004-09-28,1154.78745070751
2004-09-29,1154.78745070751
2004-09-30,1218.35370397183
2004-10-01,1161.85039767344
2004-10-02,1123.00425671809
2004-10-03,1091.22113008593
2004-10-04,1059.43800345377
2004-10-05,1034.71775643028
2004-10-06,1017.06045637272
2004-10-07,1059.43800345377
2004-10-08,1027.65487682161
2004-10-09,1009.99757676404
2004-10-10,1024.12340333864
2004-10-11,985.277329740554
2004-10-12,953.494203108391
2004-10-13,932.305429567865
2004-10-14,939.368376533792
2004-10-15,1137.13015064995
2004-10-16,1119.47285059238
2004-10-17,1087.68965660297
2004-10-18,1059.43800345377
2004-10-19,1027.65487682161
2004-10-20,988.808803223517
2004-10-21,981.74585625759
2004-10-22,957.025676591355
2004-10-23,946.431256142464
2004-10-24,914.648129510302
2004-10-25,875.802055912213
2004-10-26,865.207702820577
2004-10-27,783.98414949869
2004-10-28,794.578502590326
2004-10-29,836.956049671378
2004-10-30,801.641449556253
2004-10-31,776.921202532763
2004-11-01,723.949302360075
2004-11-02,773.3897290498
2004-11-03,745.138075900601
2004-11-04,748.669549383564
2004-11-05,738.075128934674
2004-11-06,783.98414949869
2004-11-07,766.326849441127
2004-11-08,745.138075900601
2004-11-09,745.138075900601
2004-11-10,734.543655451711
2004-11-11,688.634702244949
2004-11-12,607.411148923062
2004-11-13,628.599855106334
2004-11-14,646.257155163897
2004-11-15,685.103228761986
2004-11-16,699.229055336585
2004-11-17,660.38304909575
2004-11-18,596.816728474172
2004-11-19,589.753848865499
2004-11-20,579.159428416609
2004-11-21,557.97068855471
2004-11-22,536.781915014184
2004-11-23,515.593175152285
2004-11-24,490.872928128795
2004-11-25,593.285254991208
2004-11-26,515.593175152285
2004-11-27,462.621274979596
2004-11-28,441.43250143907
2004-11-29,388.460601266382
2004-11-30,402.586427840981
2004-12-01,423.775201381507
2004-12-02,462.621274979596
2004-12-03,533.250475209847
2004-12-04,554.439215071747
2004-12-05,536.781915014184
2004-12-06,483.810014841495
2004-12-07,469.684188266896
2004-12-08,480.278575037159
2004-12-09,494.404401611758
2004-12-10,515.593175152285
2004-12-11,557.97068855471
2004-12-12,483.810014841495
2004-12-13,409.649374806908
2004-12-14,480.278575037159
2004-12-15,550.90777526741
2004-12-16,504.998788382021
2004-12-17,501.467314899058
2004-12-18,480.278575037159
2004-12-19,494.404401611758
2004-12-20,490.872928128795
2004-12-21,455.558328013669
2004-12-22,409.649374806908
2004-12-23,360.208914438556
2004-12-24,367.271827725855
2004-12-25,416.712288094207
2004-12-26,427.306674864471
2004-12-27,406.117901323944
2004-12-28,391.992074749345
2004-12-29,377.866214496118
2004-12-30,363.740387921519
2004-12-31,356.677474634219
2005-01-01,360.208914438556
2005-01-02,377.866214496118
2005-01-03,349.614527668293
2005-01-04,335.841855177715
2005-01-05,327.366359232955
2005-01-06,337.254437835175
2005-01-07,356.677474634219
2005-01-08,353.146001151256
2005-01-09,353.146001151256
2005-01-10,349.967681752314
2005-01-11,344.317351122475
2005-01-12,343.257922549036
2005-01-13,333.36981026819
2005-01-14,326.30689698089
2005-01-15,329.485216379832
2005-01-16,336.548129667131
2005-01-17,346.789362353373
2005-01-18,356.677474634219
2005-01-19,370.803301208819
2005-01-20,384.929127783418
2005-01-21,388.460601266382
2005-01-22,377.866214496118
2005-01-23,384.929127783418
2005-01-24,399.054988036645
2005-01-25,399.054988036645
2005-01-26,402.586427840981
2005-01-27,409.649374806908
2005-01-28,413.180814611244
2005-01-29,409.649374806908
2005-01-30,409.649374806908
2005-01-31,406.117901323944
2005-02-01,402.586427840981
2005-02-02,409.649374806908
2005-02-03,406.117901323944
2005-02-04,399.054988036645
2005-02-05,370.803301208819
2005-02-06,351.733418493796
2005-02-07,335.841855177715
2005-02-08,328.425787806393
2005-02-09,340.785877639511
2005-02-10,360.208914438556
2005-02-11,370.803301208819
2005-02-12,360.208914438556
2005-02-13,377.866214496118
2005-02-14,356.677474634219
2005-02-15,325.953742896868
2005-02-16,316.771972462692
2005-02-17,323.128577581948
2005-02-18,326.660051064912
2005-02-19,327.013205148934
2005-02-20,327.366359232955
2005-02-21,332.663535778773
2005-02-22,330.54464495327
2005-02-23,337.607591919197
2005-02-24,337.960712324591
2005-02-25,332.663535778773
2005-02-26,332.663535778773
2005-02-27,322.422303092532
2005-02-28,319.24398369359
2005-03-01,325.600622491474
2005-03-02,323.128577581948
2005-03-03,322.422303092532
2005-03-04,318.537709204174
2005-03-05,322.775457176554
2005-03-06,329.838370463853
2005-03-07,326.30689698089
2005-03-08,318.890829609569
2005-03-09,329.838370463853
2005-03-10,329.838370463853
2005-03-11,332.310381694752
2005-03-12,335.488701093693
2005-03-13,332.310381694752
2005-03-14,329.485216379832
2005-03-15,327.71947963835
2005-03-16,326.30689698089
2005-03-17,324.188039834014
2005-03-18,314.299927553167
2005-03-19,303.705574461531
2005-03-20,321.362874519094
2005-03-21,332.663535778773
2005-03-22,319.597137777612
2005-03-23,304.411848950947
2005-03-24,298.055210153064
2005-03-25,316.41881837867
2005-03-26,310.768487748831
2005-03-27,311.121641832852
2005-03-28,314.653081637189
2005-03-29,313.593653063751
2005-03-30,311.827916322269
2005-03-31,306.530739776451
2005-04-01,309.709059175392
2005-04-02,311.827916322269
2005-04-03,306.530739776451
2005-04-04,309.355905091371
2005-04-05,312.534224490312
2005-04-06,311.474762238247
2005-04-07,318.184555120152
2005-04-08,343.257922549036
2005-04-09,344.317351122475
2005-04-10,334.78239292565
2005-04-11,335.135547009671
2005-04-12,332.310381694752
2005-04-13,325.953742896868
2005-04-14,322.775457176554
2005-04-15,318.184555120152
2005-04-16,322.06914900851
2005-04-17,344.670505206496
2005-04-18,341.492185807555
2005-04-19,337.254437835175
2005-04-20,349.967681752314
2005-04-21,377.866214496118
2005-04-22,427.306674864471
2005-04-23,519.124614956621
2005-04-24,653.320102129824
2005-04-25,787.515555624399
2005-04-26,1017.06045637272
2005-04-27,1119.47285059238
2005-04-28,1045.31217687917
2005-04-29,921.711076476229
2005-04-30,851.081876245978
2005-05-01,794.578502590326
2005-05-02,741.606602417638
2005-05-03,738.075128934674
2005-05-04,752.200955509274
2005-05-05,791.047029107363
2005-05-06,900.522302935703
2005-05-07,1041.78070339621
2005-05-08,1211.29075700591
2005-05-09,1359.61210443234
2005-05-10,1370.20645752397
2005-05-11,1292.51431032779
2005-05-12,1317.23455735128
2005-05-13,1511.46485798447
2005-05-14,1889.33110615922
2005-05-15,2433.17600181796
2005-05-16,2856.95120319946
2005-05-17,3672.71841197306
2005-05-18,3637.40381185794
2005-05-19,3185.37682261272
2005-05-20,2779.25892128878
2005-05-21,2440.23881406938
2005-05-22,2175.37931320593
2005-05-23,1998.80631263031
2005-05-24,1815.17049980326
2005-05-25,1698.63221165174
2005-05-26,1677.44350546847
2005-05-27,1864.61085913573
2005-05-28,2263.66581349375
2005-05-29,2814.5735214039
2005-05-30,3266.60051064912
2005-05-31,3672.71841197306
2005-06-01,3919.92061277894
2005-06-02,3884.60601266382
2005-06-03,4096.49361335457
2005-06-04,4273.0666139302
2005-06-05,4555.5834148512
2005-06-06,4626.21261508145
2005-06-07,4590.89801496633
2005-06-08,4167.12281358482
2005-06-09,3778.66221231844
2005-06-10,3531.46001151256
2005-06-11,3496.14541139743
2005-06-12,3450.23632347616
2005-06-13,3446.70491735045
2005-06-14,3319.57241082181
2005-06-15,3022.92971596895
2005-06-16,2722.75561499038
2005-06-17,2676.84679649813
2005-06-18,4732.15641542683
2005-06-19,5014.67321634783
2005-06-20,4908.72941600246
2005-06-21,5085.30241657809
2005-06-22,5650.3360184201
2005-06-23,5897.53821922597
2005-06-24,4979.35861623271
2005-06-25,4343.69581416045
2005-06-26,4096.49361335457
2005-06-27,3813.97681243356
2005-06-28,4025.86441312432
2005-06-29,4273.0666139302
2005-06-30,4308.38121404532
2005-07-01,4484.95421462095
2005-07-02,4308.38121404532
2005-07-03,3884.60601266382
2005-07-04,3474.95670521416
2005-07-05,3270.13191677483
2005-07-06,3566.77461162769
2005-07-07,4096.49361335457
2005-07-08,3708.03301208819
2005-07-09,3520.86552370642
2005-07-10,3273.66332290054
2005-07-11,2938.17462180684
2005-07-12,2772.19610903736
2005-07-13,2800.44789690107
2005-07-14,2800.44789690107
2005-07-15,2655.65782088584
2005-07-16,2698.0355026814
2005-07-17,2948.76910961299
2005-07-18,2888.73439718888
2005-07-19,3167.71952255516
2005-07-20,3107.68481013105
2005-07-21,2807.51070915249
2005-07-22,2652.12641476013
2005-07-23,2938.17462180684
2005-07-24,3093.5589161992
2005-07-25,2807.51070915249
2005-07-26,2510.86801429963
2005-07-27,2298.98041360887
2005-07-28,2203.63110106964
2005-07-29,2238.94570118477
2005-07-30,2267.19721961946
2005-07-31,2228.35121337862
2005-08-01,2231.88275421884
2005-08-02,2249.5400542764
2005-08-03,2097.68730072426
2005-08-04,1931.70865324027
2005-08-05,1815.17049980326
2005-08-06,1786.91871193955
2005-08-07,1793.98165890548
2005-08-08,1811.63895896304
2005-08-09,1758.66705879035
2005-08-10,1698.63221165174
2005-08-11,1709.22669945788
2005-08-12,1610.34571136392
2005-08-13,1514.99639882469
2005-08-14,1426.70989853688
2005-08-15,1423.17835769666
2005-08-16,1469.08731090342
2005-08-17,1917.58275930842
2005-08-18,2034.12091274543
2005-08-19,1744.54129957301
2005-08-20,1592.68841130636
2005-08-21,1525.59075191633
2005-08-22,1539.71651113367
2005-08-23,1688.0378585601
2005-08-24,1839.89061211224
2005-08-25,1620.94019917007
2005-08-26,1539.71651113367
2005-08-27,1500.87050489284
2005-08-28,1469.08731090342
2005-08-29,1483.21320483528
2005-08-30,1522.05921107611
2005-08-31,1412.58400460502
2005-09-01,1334.89185740885
2005-09-02,1292.51431032779
2005-09-03,1416.11541073073
2005-09-04,1373.73799836419
2005-09-05,1327.82891044292
2005-09-06,1253.66830408696
2005-09-07,1186.57050998242
2005-09-08,1140.66155677566
2005-09-09,1243.07395099532
2005-09-10,1401.98965151339
2005-09-11,1356.08069830663
2005-09-12,1303.10879813394
2005-09-13,1281.91995723616
2005-09-14,1260.73125105289
2005-09-15,1303.10879813394
2005-09-16,1366.67505139826
2005-09-17,1320.7660981915
2005-09-18,1267.79419801881
2005-09-19,1225.41665093776
2005-09-20,1250.13689796125
2005-09-21,1221.88511009754
2005-09-22,1190.10205082263
2005-09-23,1168.91320992485
2005-09-24,1133.59860980973
2005-09-25,1101.81555053482
2005-09-26,1073.56383002837
2005-09-27,1098.28407705186
2005-09-28,1091.22113008593
2005-09-29,1130.06720368402
2005-09-30,1755.13565266464
