time,sim
2002-10-02,41.70022958864884
2002-10-03,41.619901520393505
2002-10-04,41.55532922731354
2002-10-05,41.51194581527322
2002-10-06,41.48065160457042
2002-10-07,41.460029003538054
2002-10-08,41.4448232603786
2002-10-09,41.42842291885992
2002-10-10,41.40820782118297
2002-10-11,41.385606070567505
2002-10-12,41.36103683405303
2002-10-13,41.329187118981565
2002-10-14,41.28373828828899
2002-10-15,41.22176147803988
2002-10-16,41.14335946951427
2002-10-17,41.0453360806418
2002-10-18,40.927659288032174
2002-10-19,40.7911020305665
2002-10-20,40.63653195184915
2002-10-21,40.463450443742396
2002-10-22,40.268559752856774
2002-10-23,40.06055284892184
2002-10-24,39.83309986346848
2002-10-25,39.58361853598423
2002-10-26,39.31692800212209
2002-10-27,39.03410349834616
2002-10-28,38.73474168191521
2002-10-29,38.42157242078248
2002-10-30,38.093654337685635
2002-10-31,37.75036686723928
2002-11-01,37.391155060395505
2002-11-02,37.01784711464989
2002-11-03,36.630746714061274
2002-11-04,36.23016190155303
2002-11-05,35.81815605410555
2002-11-06,35.393241874642605
2002-11-07,34.95540852527949
2002-11-08,34.50667279570323
2002-11-09,34.04645463384791
2002-11-10,33.57673314586685
2002-11-11,33.09829470108049
2002-11-12,32.613031622396086
2002-11-13,32.12305473158277
2002-11-14,31.630861484544457
2002-11-15,31.13725279543456
2002-11-16,30.64403958074336
2002-11-17,30.153560021463036
2002-11-18,29.665386255150235
2002-11-19,29.18189326356057
2002-11-20,28.703515451336237
2002-11-21,28.22949000150853
2002-11-22,27.761491797276324
2002-11-23,27.299829931089434
2002-11-24,26.845319736118576
2002-11-25,26.39898697047706
2002-11-26,25.960247077626498
2002-11-27,25.529209387014028
2002-11-28,25.10592225658131
2002-11-29,24.68999828593636
2002-11-30,24.28196730929277
2002-12-01,23.881121651898148
2002-12-02,23.48762577353269
2002-12-03,23.101783683886204
2002-12-04,22.72333941826203
2002-12-05,22.351754024862508
2002-12-06,21.986809792999946
2002-12-07,21.6282717812695
2002-12-08,21.27582411565639
2002-12-09,20.929106574877302
2002-12-10,20.587774093548656
2002-12-11,20.251427652457522
2002-12-12,19.919712507816342
2002-12-13,19.592264393444186
2002-12-14,19.268784139056955
2002-12-15,18.949023714910407
2002-12-16,18.632672001662463
2002-12-17,18.3195402733567
2002-12-18,18.00969949309201
2002-12-19,17.703325765224925
2002-12-20,17.400653667846925
2002-12-21,17.101938349808744
2002-12-22,16.807420667894633
2002-12-23,16.517293452582013
2002-12-24,16.231682665126357
2002-12-25,15.95064239096961
2002-12-26,15.674155634230482
2002-12-27,15.402142661271744
2002-12-28,15.134480218204418
2002-12-29,14.871026343017693
2002-12-30,14.611655056975513
2002-12-31,14.356300709004111
2003-01-01,14.104960153540583
2003-01-02,13.857682527016259
2003-01-03,13.614554233368942
2003-01-04,13.37566238975982
2003-01-05,13.14108614363726
2003-01-06,12.910885062124324
2003-01-07,12.685110611473174
2003-01-08,12.46375786164244
2003-01-09,12.246863233178996
2003-01-10,12.034531553802926
2003-01-11,11.826762214077915
2003-01-12,11.62352713137777
2003-01-13,11.424742821280091
2003-01-14,11.230326004260835
2003-01-15,11.04015742168148
2003-01-16,10.854109591632756
2003-01-17,10.672062657580577
2003-01-18,10.493895981536905
2003-01-19,10.319480766127393
2003-01-20,10.148769176605441
2003-01-21,9.981628986784967
2003-01-22,9.817954384224814
2003-01-23,9.657645024353132
2003-01-24,9.500595676003076
2003-01-25,9.346707691976494
2003-01-26,9.195878654266869
2003-01-27,9.048044670256868
2003-01-28,8.90302283608979
2003-01-29,8.760719376901537
2003-01-30,8.621044676679087
2003-01-31,8.48423939015819
2003-02-01,8.349884954779371
2003-02-02,8.218109901005702
2003-02-03,8.088823790874752
2003-02-04,7.962031125176079
2003-02-05,7.83779853671434
2003-02-06,7.71587554063162
2003-02-07,7.5963736631332965
2003-02-08,7.4790661677141355
2003-02-09,7.364033649023134
2003-02-10,7.251292677639397
2003-02-11,7.140668698061663
2003-02-12,7.031418082915542
2003-02-13,6.922939137057778
2003-02-14,6.816333673561153
2003-02-15,6.711546555123398
2003-02-16,6.608807993449615
2003-02-17,6.50805978950614
2003-02-18,6.408989761652799
2003-02-19,6.311671742967941
2003-02-20,6.215876651046877
2003-02-21,6.12177109794301
2003-02-22,6.029248106165766
2003-02-23,5.938176998185802
2003-02-24,5.66412211133904
2003-02-25,5.705061071508625
2003-02-26,5.675911546451919
2003-02-27,5.590681480904968
2003-02-28,5.304972831206838
2003-03-01,5.398619690525188
2003-03-02,5.343665529091129
2003-03-03,5.2632263985237016
2003-03-04,5.183932921697198
2003-03-05,5.105630818137008
2003-03-06,5.028427440860931
2003-03-07,4.952307582382091
2003-03-08,4.877176362862612
2003-03-09,4.80304152951902
2003-03-10,4.580514350876934
2003-03-11,4.612215823513545
2003-03-12,4.587161346627418
2003-03-13,4.516533216612164
2003-03-14,4.446624871887721
2003-03-15,4.377526033668281
2003-03-16,4.309195686101329
2003-03-17,4.241682931712129
2003-03-18,4.174912202110592
2003-03-19,4.108795387333448
2003-03-20,4.043503267214939
2003-03-21,3.978916435697176
2003-03-22,3.9153255004440664
2003-03-23,3.8527257124072745
2003-03-24,3.7189746226804896
2003-03-25,3.6468126305347544
2003-03-26,3.671189342791466
2003-03-27,3.6121989103520757
2003-03-28,3.553707958518148
2003-03-29,3.4960933283956184
2003-03-30,3.4395409704588418
2003-03-31,3.3840452797036504
2003-04-01,3.2800734781147614
2003-04-02,3.1889049723973195
2003-04-03,3.223935334835766
2003-04-04,3.125076056804409
2003-04-05,3.0382557340058427
2003-04-06,3.0716427974129292
2003-04-07,3.0223728642625742
2003-04-08,2.9737117252693994
2003-04-09,2.9258472671738676
2003-04-10,2.8788286802273824
2003-04-11,2.8326354427068487
2003-04-12,2.7870189828311323
2003-04-13,2.742288911443096
2003-04-14,2.698424745714934
2003-04-15,2.65549920996636
2003-04-16,2.613349944302902
2003-04-17,2.57191119609461
2003-04-18,2.5311730237153562
2003-04-19,2.4911914717211263
2003-04-20,2.451935386843229
2003-04-21,2.4131953234361903
2003-04-22,2.374997508820042
2003-04-23,2.3374433492828577
2003-04-24,2.300619568517674
2003-04-25,2.2646575233314463
2003-04-26,2.2297638290826733
2003-04-27,2.1960048486052774
2003-04-28,2.1629163342505584
2003-04-29,2.130551199802465
2003-04-30,2.0988143473462793
2003-05-01,2.067494450369211
2003-05-02,2.0367030022179047
2003-05-03,2.0067316544443594
2003-05-04,1.9778255688444355
2003-05-05,1.9496922144493145
2003-05-06,1.9222995122736541
2003-05-07,1.895614129268601
2003-05-08,1.869609575837727
2003-05-09,1.8442670151564382
2003-05-10,1.8195549907001043
2003-05-11,1.7954199394768344
2003-05-12,1.771739028004656
2003-05-13,1.7485363111577485
2003-05-14,1.725950643152922
2003-05-15,1.7039172823525943
2003-05-16,1.6825656856987654
2003-05-17,1.6619407197151619
2003-05-18,1.641920717982274
2003-05-19,1.6222370000575401
2003-05-20,1.6031139726912205
2003-05-21,1.584272624922027
2003-05-22,1.5658728856993867
2003-05-23,1.547858961158133
2003-05-24,1.5301490375978977
2003-05-25,1.512639486823526
2003-05-26,1.4950756352977368
2003-05-27,1.4784097636658526
2003-05-28,1.4623519404181449
2003-05-29,1.4469766878331443
2003-05-30,1.4337443263758851
2003-05-31,1.4239908962385524
2003-06-01,1.417535600940913
2003-06-02,1.4153982418903093
2003-06-03,1.4175180505122729
2003-06-04,1.4279618293906804
2003-06-05,15.93467447851035
2003-06-06,19.09775882952065
2003-06-07,32.864439976122036
2003-06-08,63.726207149714334
2003-06-09,16.60419504530085
2003-06-10,2.529304461835537
2003-06-11,3.1815183831766554
2003-06-12,5.738314949046187
2003-06-13,25.862150512756553
2003-06-14,13.544124413746307
2003-06-15,11.405975454799142
2003-06-16,17.716663318970912
2003-06-17,55.39970898346083
2003-06-18,94.82650629550719
2003-06-19,87.62812991855108
2003-06-20,33.00314677152662
2003-06-21,39.975124808237766
2003-06-22,33.637277705466126
2003-06-23,38.13697965017876
2003-06-24,42.761812877464806
2003-06-25,47.21517348550499
2003-06-26,51.341072970884994
2003-06-27,54.86383047548954
2003-06-28,57.80500466294896
2003-06-29,60.24122138186789
2003-06-30,62.15261272815045
2003-07-01,63.472206023493214
2003-07-02,64.51370821516697
2003-07-03,65.33304033404583
2003-07-04,65.96828977430063
2003-07-05,66.31028340235156
2003-07-06,66.45129038742336
2003-07-07,66.65071542838199
2003-07-08,66.4553826488259
2003-07-09,65.99002024620343
2003-07-10,65.61567889761201
2003-07-11,65.2161898606137
2003-07-12,64.54109727454714
2003-07-13,63.61162115081548
2003-07-14,62.6358947028714
2003-07-15,61.773855253970176
2003-07-16,60.83489738163118
2003-07-17,59.820330983353955
2003-07-18,58.796900079785274
2003-07-19,57.838845383086095
2003-07-20,56.78346655758579
2003-07-21,55.696757536559126
2003-07-22,54.642225198588015
2003-07-23,53.55297426230912
2003-07-24,52.47494087299984
2003-07-25,51.51169517536772
2003-07-26,50.67381105169867
2003-07-27,49.8210287923661
2003-07-28,48.96968569785016
2003-07-29,48.10869628398982
2003-07-30,47.29081825425155
2003-07-31,46.397259502017775
2003-08-01,45.55815971225116
2003-08-02,44.771511928275146
2003-08-03,44.069086059329905
2003-08-04,43.41890270421022
2003-08-05,42.81185953768848
2003-08-06,42.24367494733324
2003-08-07,41.68501021080737
2003-08-08,41.19457072660391
2003-08-09,40.7458919463638
2003-08-10,40.29474246749463
2003-08-11,39.84073605290898
2003-08-12,39.437711810896054
2003-08-13,39.06084548574269
2003-08-14,38.71439615024651
2003-08-15,38.3766799655222
2003-08-16,38.048667038345684
2003-08-17,37.69720672051772
2003-08-18,37.38901604822017
2003-08-19,37.06965489131171
2003-08-20,36.759698460820886
2003-08-21,36.48750434181075
2003-08-22,36.23276024974557
2003-08-23,35.9833826811777
2003-08-24,35.76645587475206
2003-08-25,35.5740957049558
2003-08-26,35.3810471340992
2003-08-27,35.1808243879965
2003-08-28,34.98458249398634
2003-08-29,34.83569918564502
2003-08-30,34.70259580458357
2003-08-31,34.52964388399992
2003-09-01,34.34302170336501
2003-09-02,34.16500759934938
2003-09-03,33.98911209861773
2003-09-04,33.79425793629653
2003-09-05,33.60218084244072
2003-09-06,33.41676975511871
2003-09-07,33.22935142983853
2003-09-08,33.05042284563087
2003-09-09,32.90096907406563
2003-09-10,32.78781177586965
2003-09-11,32.675553404030154
2003-09-12,32.559537930903815
2003-09-13,32.453798198659534
2003-09-14,32.34565083528768
2003-09-15,32.231799944106946
2003-09-16,32.129677638937146
2003-09-17,32.037036501508084
2003-09-18,31.946259119963063
2003-09-19,31.855811107408243
2003-09-20,31.76115701458132
2003-09-21,31.661487688875646
2003-09-22,31.561746906614356
2003-09-23,31.458955578943986
2003-09-24,31.347519028072302
2003-09-25,31.245406108275198
2003-09-26,31.133913771469622
2003-09-27,31.011634895712263
2003-09-28,30.883951644030496
2003-09-29,30.746773864835745
2003-09-30,30.60950077429924
2003-10-01,30.477411367203043
2003-10-02,30.330967541944663
2003-10-03,30.186637770150725
2003-10-04,30.036985821281927
2003-10-05,29.888341774478118
2003-10-06,29.73936847756471
2003-10-07,29.593120544870978
2003-10-08,29.448040801994008
2003-10-09,29.314949577021924
2003-10-10,29.183308555918455
2003-10-11,29.054353437197147
2003-10-12,28.923910677072975
2003-10-13,28.79481590723089
2003-10-14,28.66680736584796
2003-10-15,28.538522885280926
2003-10-16,28.407610036815612
2003-10-17,28.27582103472296
2003-10-18,28.144278062784128
2003-10-19,28.01057722165395
2003-10-20,27.869068925430547
2003-10-21,27.72297304792755
2003-10-22,27.579049911659872
2003-10-23,27.430468436187248
2003-10-24,27.274875325185235
2003-10-25,27.117428013062185
2003-10-26,26.958204350212373
2003-10-27,26.790947137523382
2003-10-28,26.619741807751527
2003-10-29,26.45065088573206
2003-10-30,26.282332430821832
2003-10-31,26.11427959390743
2003-11-01,25.945711394944162
2003-11-02,25.776794760649246
2003-11-03,25.6077629749568
2003-11-04,25.43872576206322
2003-11-05,25.26974306912596
2003-11-06,25.10080399996849
2003-11-07,24.931828403287454
2003-11-08,24.762653827820504
2003-11-09,24.593067446658626
2003-11-10,24.42299879879745
2003-11-11,24.252489203014196
2003-11-12,24.083568933760972
2003-11-13,23.911694709062118
2003-11-14,23.739114797909533
2003-11-15,23.56693655727349
2003-11-16,23.391282875514413
2003-11-17,23.21468001314879
2003-11-18,23.038956384905813
2003-11-19,22.861795765055195
2003-11-20,22.68103058358522
2003-11-21,22.498935187514906
2003-11-22,22.315831610290438
2003-11-23,22.131830601454986
2003-11-24,21.947100487180123
2003-11-25,21.761724238082465
2003-11-26,21.57585733944894
2003-11-27,21.389632735670688
2003-11-28,21.2031900459195
2003-11-29,21.01665059532161
2003-11-30,20.830143660738294
2003-12-01,20.64374172493014
2003-12-02,20.457674012593625
2003-12-03,20.27200226187512
2003-12-04,20.08685685803102
2003-12-05,19.90231421548868
2003-12-06,19.718455137570388
2003-12-07,19.53549193845283
2003-12-08,19.353134569785077
2003-12-09,19.171690238391033
2003-12-10,18.9914312879616
2003-12-11,18.81227615998745
2003-12-12,18.634264863515686
2003-12-13,18.457449073200344
2003-12-14,18.281888386981628
2003-12-15,18.107624672966015
2003-12-16,17.9346929589768
2003-12-17,17.763119841353976
2003-12-18,17.592911007065712
2003-12-19,17.424255035647146
2003-12-20,17.256758910157373
2003-12-21,17.090784686180438
2003-12-22,16.92644850356608
2003-12-23,16.763601787350005
2003-12-24,16.602048505674077
2003-12-25,16.44206286983347
2003-12-26,16.283645577625094
2003-12-27,16.126841723067077
2003-12-28,15.971553974115277
2003-12-29,15.817732393429877
2003-12-30,15.665448438039025
2003-12-31,15.514697524551597
2004-01-01,15.365482776056385
2004-01-02,15.217796525134142
2004-01-03,15.0716354648944
2004-01-04,14.926989018926854
2004-01-05,14.783846862572663
2004-01-06,14.642196353396942
2004-01-07,14.502019249743645
2004-01-08,14.363292451487686
2004-01-09,14.225992243533874
2004-01-10,14.09009421718135
2004-01-11,13.955561371949106
2004-01-12,13.8224174756846
2004-01-13,13.69058683057394
2004-01-14,13.559857537681037
2004-01-15,13.430375935707426
2004-01-16,13.302157889741391
2004-01-17,13.17496741773993
2004-01-18,13.048900629136694
2004-01-19,12.92402585103813
2004-01-20,12.800280243103284
2004-01-21,12.677637398449969
2004-01-22,12.556154752689425
2004-01-23,12.435781002663488
2004-01-24,12.316481259703457
2004-01-25,12.198358842421504
2004-01-26,12.08132750524893
2004-01-27,11.96536539439802
2004-01-28,11.850468119403066
2004-01-29,11.736624592054572
2004-01-30,11.624054822411862
2004-01-31,11.514184833878868
2004-02-01,11.403608353989949
2004-02-02,11.29384443288236
2004-02-03,11.185083039803363
2004-02-04,11.077313120911741
2004-02-05,10.97052378517913
2004-02-06,10.864703901155774
2004-02-07,10.759842660908234
2004-02-08,10.655961040609627
2004-02-09,10.55300721504629
2004-02-10,10.450862795054197
2004-02-11,10.349648582668236
2004-02-12,10.249328964671824
2004-02-13,10.149862975747562
2004-02-14,10.051217870068818
2004-02-15,9.953493713978858
2004-02-16,9.85678950511596
2004-02-17,9.760877524258223
2004-02-18,9.665977203403637
2004-02-19,9.572410349859222
2004-02-20,9.478844733339207
2004-02-21,9.38602023083121
2004-02-22,9.293921627803185
2004-02-23,9.2023438587993
2004-02-24,9.111440313288684
2004-02-25,9.021346651633623
2004-02-26,8.932092778166178
2004-02-27,8.843511377331245
2004-02-28,8.755815906910518
2004-02-29,8.668851082018005
2004-03-01,8.582499696737251
2004-03-02,8.496685381886108
2004-03-03,8.411872355862522
2004-03-04,8.327703724037844
2004-03-05,8.244185744907437
2004-03-06,8.161233051180213
2004-03-07,8.078961781340112
2004-03-08,7.997358803927398
2004-03-09,7.916252268029243
2004-03-10,7.8355579798172545
2004-03-11,7.7555749714706215
2004-03-12,7.676170107030506
2004-03-13,7.597068511768516
2004-03-14,7.518954884518222
2004-03-15,7.441342837313871
2004-03-16,7.364403872416672
2004-03-17,7.288061071252493
2004-03-18,7.212258213265767
2004-03-19,7.137031639887327
2004-03-20,7.062428451047793
2004-03-21,6.9883605365652075
2004-03-22,6.914670899901652
2004-03-23,6.841480000940618
2004-03-24,6.768714132726163
2004-03-25,6.69662516108951
2004-03-26,6.625372435732018
2004-03-27,6.5547434358434
2004-03-28,6.484852441094043
2004-03-29,6.415495700995038
2004-03-30,6.346357225753619
2004-03-31,6.277315203513928
2004-04-01,6.2090686728868745
2004-04-02,6.142244723177122
2004-04-03,6.075949103459302
2004-04-04,6.009562836935284
2004-04-05,5.943820908408624
2004-04-06,5.878995302440123
2004-04-07,5.814518004430795
2004-04-08,5.750604537530296
2004-04-09,5.687446050727352
2004-04-10,5.625644880479821
2004-04-11,5.564040489743462
2004-04-12,5.5024667284522195
2004-04-13,5.441395833293789
2004-04-14,5.3811503981291215
2004-04-15,5.32221683190749
2004-04-16,5.264557935160581
2004-04-17,5.207558103633097
2004-04-18,5.151229162855765
2004-04-19,5.095415282342101
2004-04-20,5.040016704929023
2004-04-21,4.98547594402446
2004-04-22,4.931617481652967
2004-04-23,4.878171865089237
2004-04-24,4.825116811674612
2004-04-25,4.77323276723629
2004-04-26,4.722096492846635
2004-04-27,4.670926712532442
2004-04-28,4.6198720726443
2004-04-29,4.570512112232217
2004-04-30,4.521544539365753
2004-05-01,4.472531673619856
2004-05-02,4.423431859207851
2004-05-03,4.375061264243337
2004-05-04,4.32807615860278
2004-05-05,4.281910012142044
2004-05-06,4.236939805189055
2004-05-07,4.193244567069351
2004-05-08,4.150104295665951
2004-05-09,4.107055931531499
2004-05-10,4.064717406482978
2004-05-11,4.023853478652386
2004-05-12,3.983756964156181
2004-05-13,3.944606770803049
2004-05-14,3.9060894600246194
2004-05-15,3.867898114287506
2004-05-16,3.8303636431239028
2004-05-17,3.7928064982404814
2004-05-18,3.754563283577474
2004-05-19,3.716186692114546
2004-05-20,3.6786694326136704
2004-05-21,3.6430798430906144
2004-05-22,3.6102072685570663
2004-05-23,3.578141690584612
2004-05-24,3.5471016875751222
2004-05-25,3.516296673992271
2004-05-26,3.48536461143544
2004-05-27,3.455814858926893
2004-05-28,3.4266683413209864
2004-05-29,3.398107378009769
2004-05-30,3.372078154765218
2004-05-31,3.347353785853543
2004-06-01,3.3245066317867384
2004-06-02,3.304260166381628
2004-06-03,3.2878819130387895
2004-06-04,3.2752213550808342
2004-06-05,17.530635102095648
2004-06-06,7.108881461667563
2004-06-07,3.295963610136826
2004-06-08,3.3724349792001433
2004-06-09,3.4999762266078056
2004-06-10,27.688068461422148
2004-06-11,9.952939361139846
2004-06-12,4.889065677883665
2004-06-13,5.837484695692706
2004-06-14,7.0672969579347935
2004-06-15,8.512538824665182
2004-06-16,10.302298214785568
2004-06-17,12.940375337192012
2004-06-18,17.318598923454775
2004-06-19,24.24078995273466
2004-06-20,52.19457585261399
2004-06-21,30.33376475729691
2004-06-22,72.09312791322364
2004-06-23,109.84602665353628
2004-06-24,93.80687744376085
2004-06-25,56.434642697227844
2004-06-26,50.76046891577983
2004-06-27,57.09935444284587
2004-06-28,64.0790094515827
2004-06-29,69.968682466758
2004-06-30,74.50022398699089
2004-07-01,77.94409652235376
2004-07-02,80.79426657178404
2004-07-03,83.09666442988973
2004-07-04,84.72679052577705
2004-07-05,86.10413247668717
2004-07-06,86.64945720728194
2004-07-07,86.83102784907999
2004-07-08,86.87225126158911
2004-07-09,87.08211229747289
2004-07-10,87.09761600575969
2004-07-11,86.64151889024106
2004-07-12,86.01138274232254
2004-07-13,85.58641296008865
2004-07-14,84.62975925716225
2004-07-15,83.2461062397206
2004-07-16,81.678107764481
2004-07-17,79.9893923798088
2004-07-18,78.17831173930661
2004-07-19,76.31182227216804
2004-07-20,74.50716288777245
2004-07-21,72.96514867951902
2004-07-22,71.66214794050697
2004-07-23,70.22167785873178
2004-07-24,68.69313714845525
2004-07-25,67.09737542425368
2004-07-26,65.56877629714114
2004-07-27,64.1795725246287
2004-07-28,62.936376608819806
2004-07-29,61.741197967250194
2004-07-30,60.53420490042672
2004-07-31,59.327078878908154
2004-08-01,58.17860796001283
2004-08-02,57.082759417980824
2004-08-03,56.01710375617783
2004-08-04,54.927392463815586
2004-08-05,54.02691323623367
2004-08-06,53.202690203013724
2004-08-07,52.43484923408901
2004-08-08,51.77561183898369
2004-08-09,51.19667625687659
2004-08-10,50.615652693893004
2004-08-11,49.941100515144186
2004-08-12,49.193186881521186
2004-08-13,48.48836300205284
2004-08-14,47.791832952129646
2004-08-15,47.10803916868505
2004-08-16,46.47954818457812
2004-08-17,45.933665703228755
2004-08-18,45.466623753050996
2004-08-19,45.038186551209996
2004-08-20,44.61427280892706
2004-08-21,44.220280048346126
2004-08-22,43.89291748646569
2004-08-23,140.6851536094271
2004-08-24,47.14492500553134
2004-08-25,43.24300905925445
2004-08-26,43.07441558866937
2004-08-27,42.929650967022454
2004-08-28,42.79801265963158
2004-08-29,42.68948919632666
2004-08-30,42.592927070247065
2004-08-31,42.518491903789794
2004-09-01,42.46430489003259
2004-09-02,42.401577826253494
2004-09-03,42.41809660463328
2004-09-04,42.49673414580667
2004-09-05,42.58698686274065
2004-09-06,42.694595406620756
2004-09-07,42.797963808823646
2004-09-08,42.9078793591707
2004-09-09,43.018590961596416
2004-09-10,43.139517797197286
2004-09-11,43.28404818373092
2004-09-12,43.41599189808929
2004-09-13,43.54620859320218
2004-09-14,43.65368710700467
2004-09-15,43.74387997809307
2004-09-16,43.830811133993016
2004-09-17,43.91946478703523
2004-09-18,44.001324560323866
2004-09-19,44.0717731463313
2004-09-20,44.12917335573723
2004-09-21,44.168752984872064
2004-09-22,44.18573103347402
2004-09-23,44.16995290711201
2004-09-24,44.133130672074635
2004-09-25,44.07438624320125
2004-09-26,43.98377743549308
2004-09-27,43.870790993674056
2004-09-28,43.736755886243024
2004-09-29,43.57535512647972
2004-09-30,43.40615124798987
2004-10-01,43.2486666200757
2004-10-02,43.07249115872634
2004-10-03,42.872062284192715
2004-10-04,42.65585120974394
2004-10-05,42.42458633650995
2004-10-06,42.18041447830068
2004-10-07,41.926269445311625
2004-10-08,41.67092014457066
2004-10-09,41.402594974275914
2004-10-10,41.11784154422633
2004-10-11,40.834671892382865
2004-10-12,40.53568642268271
2004-10-13,40.21983380326449
2004-10-14,39.891467188709434
2004-10-15,39.55697750992818
2004-10-16,39.23130472876393
2004-10-17,38.90206638961561
2004-10-18,38.57585159040416
2004-10-19,38.23932603448691
2004-10-20,37.90384750992457
2004-10-21,37.56437994378916
2004-10-22,37.22658340534088
2004-10-23,36.88612284983844
2004-10-24,36.550657877921985
2004-10-25,36.21178591393963
2004-10-26,35.87362695029506
2004-10-27,35.535316273333635
2004-10-28,35.19660018241179
2004-10-29,34.85864464056032
2004-10-30,34.52075604855251
2004-10-31,34.18429824068901
2004-11-01,33.84801438191663
2004-11-02,33.511729237621864
2004-11-03,33.17540453045273
2004-11-04,32.83892031397955
2004-11-05,32.50158187972154
2004-11-06,32.16299564564247
2004-11-07,31.82198236344011
2004-11-08,31.48047182767209
2004-11-09,31.138504280900197
2004-11-10,30.795968153510653
2004-11-11,30.453149024096522
2004-11-12,30.109688370898553
2004-11-13,29.76583644259095
2004-11-14,29.422803649355775
2004-11-15,29.080542594733245
2004-11-16,28.739882236963993
2004-11-17,28.40064312829681
2004-11-18,28.063268907542547
2004-11-19,27.72793264655164
2004-11-20,27.394713212946524
2004-11-21,27.06450064436114
2004-11-22,26.737088029429106
2004-11-23,26.412434665077456
2004-11-24,26.09068630409277
2004-11-25,25.771941108946205
2004-11-26,25.45631017852964
2004-11-27,25.143861058485044
2004-11-28,24.834746793925486
2004-11-29,24.52898653475074
2004-11-30,24.22662027246994
2004-12-01,23.92768469479574
2004-12-02,23.632232377281092
2004-12-03,23.340266888642482
2004-12-04,23.051802864961875
2004-12-05,22.766844404023693
2004-12-06,22.48538364615031
2004-12-07,22.207401170549577
2004-12-08,21.93288290362257
2004-12-09,21.661815078460624
2004-12-10,21.394194868717545
2004-12-11,21.13001314565367
2004-12-12,20.86926482338306
2004-12-13,20.61194926410646
2004-12-14,20.358054304338857
2004-12-15,20.10757004940598
2004-12-16,19.86057045163109
2004-12-17,19.616857444539797
2004-12-18,19.376416324668043
2004-12-19,19.139442809386164
2004-12-20,18.905793878565497
2004-12-21,18.675385807803995
2004-12-22,18.44839738581919
2004-12-23,18.224696751456257
2004-12-24,18.00426128551603
2004-12-25,17.787062695872446
2004-12-26,17.57308167020459
2004-12-27,17.362284790426184
2004-12-28,17.15464271043069
2004-12-29,16.950109260383165
2004-12-30,16.748632279921612
2004-12-31,16.550207191791852
2005-01-01,16.354779147099812
2005-01-02,16.162304744000387
2005-01-03,15.972736478569278
2005-01-04,15.786025399307094
2005-01-05,15.602126552972035
2005-01-06,15.420987551832784
2005-01-07,15.242559210716685
2005-01-08,15.066806225091423
2005-01-09,14.893659302617825
2005-01-10,14.723060021391278
2005-01-11,14.554947329854532
2005-01-12,14.389258592679532
2005-01-13,14.225932259814911
2005-01-14,14.0649097037177
2005-01-15,13.906125430750702
2005-01-16,13.749513625976782
2005-01-17,13.595009207709248
2005-01-18,13.442549862104167
2005-01-19,13.29206696432104
2005-01-20,13.14348873379778
2005-01-21,12.996839609467187
2005-01-22,12.851937207365363
2005-01-23,12.711034763712453
2005-01-24,12.56974406419018
2005-01-25,12.429636734629257
2005-01-26,12.293127702459438
2005-01-27,12.15657712606818
2005-01-28,12.020720210333476
2005-01-29,11.886404031249706
2005-01-30,11.753638285236491
2005-01-31,11.6244154407528
2005-02-01,11.494690493069276
2005-02-02,11.365978359907308
2005-02-03,11.238569281571086
2005-02-04,11.112484910160196
2005-02-05,10.987852563738372
2005-02-06,10.864814408008332
2005-02-07,10.743237529511443
2005-02-08,10.62306267402026
2005-02-09,10.504286462610716
2005-02-10,10.386906847856977
2005-02-11,10.270920211207178
2005-02-12,10.15632234713936
2005-02-13,10.0431068852608
2005-02-14,9.931266041471334
2005-02-15,9.820820770948151
2005-02-16,9.711666970252955
2005-02-17,9.603826845387115
2005-02-18,9.497283279471057
2005-02-19,9.391980509974825
2005-02-20,9.288076510905286
2005-02-21,9.185439138557419
2005-02-22,9.083941633910142
2005-02-23,8.983586187033104
2005-02-24,8.8843361858341
2005-02-25,8.786147025275708
2005-02-26,8.689061177838807
2005-02-27,8.5930484404393
2005-02-28,8.497882133577248
2005-03-01,8.40367464583818
2005-03-02,8.310471812052139
2005-03-03,8.218378318879042
2005-03-04,8.127164620515911
2005-03-05,8.036689426070277
2005-03-06,7.9471198108625005
2005-03-07,7.858428270884904
2005-03-08,7.770680128704806
2005-03-09,7.683901143251054
2005-03-10,7.597757008552163
2005-03-11,7.512223721254741
2005-03-12,7.427290242678234
2005-03-13,7.343491816491072
2005-03-14,7.260488054694012
2005-03-15,7.178328477919884
2005-03-16,7.09674406407055
2005-03-17,7.015983497001605
2005-03-18,6.936044013841203
2005-03-19,6.856790279002997
2005-03-20,6.778288201098599
2005-03-21,6.700522671069971
2005-03-22,6.623489581130798
2005-03-23,6.547271995578131
2005-03-24,6.471725906815139
2005-03-25,6.396891910094441
2005-03-26,6.322576555964736
2005-03-27,6.249052943057471
2005-03-28,6.176412999420832
2005-03-29,6.104521398215339
2005-03-30,6.03324108095317
2005-03-31,5.962511019643148
2005-04-01,5.892557908657981
2005-04-02,5.823155874572844
2005-04-03,5.7546385456668485
2005-04-04,5.686714344566846
2005-04-05,5.619330302756578
2005-04-06,5.552514065659636
2005-04-07,5.486353034578203
2005-04-08,5.420609475378851
2005-04-09,5.355844792816765
2005-04-10,5.291875427505662
2005-04-11,5.228245271977755
2005-04-12,5.1651162796229135
2005-04-13,5.103214798209553
2005-04-14,5.041938786718175
2005-04-15,4.9809890504187
2005-04-16,4.920896794657344
2005-04-17,4.861519353374967
2005-04-18,4.802835473040846
2005-04-19,4.744979795249099
2005-04-20,4.687297645203116
2005-04-21,4.629559149670137
2005-04-22,4.573152557215414
2005-04-23,4.517088182467738
2005-04-24,4.460938209212659
2005-04-25,4.406058555735099
2005-04-26,4.351571412341684
2005-04-27,4.29738453540348
2005-04-28,4.244736597003992
2005-04-29,4.19345446707137
2005-04-30,4.1431898367567985
2005-05-01,4.093343768952897
2005-05-02,4.04400043444275
2005-05-03,3.99507337380178
2005-05-04,3.9459370687118045
2005-05-05,3.898424462736689
2005-05-06,3.8512084208572888
2005-05-07,3.804644616081671
2005-05-08,3.758922545114433
2005-05-09,3.71382374186437
2005-05-10,3.671322271419073
2005-05-11,3.6298228762007496
2005-05-12,3.5884791747831017
2005-05-13,3.5457165464115525
2005-05-14,3.504150539573533
2005-05-15,3.463954719631488
2005-05-16,3.425145358628085
2005-05-17,3.3876050990318465
2005-05-18,3.35238558618287
2005-05-19,3.3209946728170516
2005-05-20,3.2937682886463286
2005-05-21,3.2720349210798076
2005-05-22,3.255283102411789
2005-05-23,3.242495996102298
2005-05-24,3.233383353016449
2005-05-25,3.2281618128066927
2005-05-26,3.227121939964218
2005-05-27,6.208621215927161
2005-05-28,30.99469724536022
2005-05-29,37.366023146056875
2005-05-30,44.88564901742944
2005-05-31,68.49844842012904
2005-06-01,40.68998336258635
2005-06-02,9.613861196064095
2005-06-03,5.019219956573919
2005-06-04,6.031429774268902
2005-06-05,9.160201330155148
2005-06-06,15.756085502215182
2005-06-07,12.91423170754286
2005-06-08,20.23885391900105
2005-06-09,26.921073127485798
2005-06-10,23.51370297952703
2005-06-11,27.983248874735942
2005-06-12,32.611942621767035
2005-06-13,36.90087372614732
2005-06-14,40.797486762477064
2005-06-15,44.17822579779891
2005-06-16,47.16341147602155
2005-06-17,49.77189557411883
2005-06-18,60.17038905424583
2005-06-19,315.4581476440355
2005-06-20,74.68980853706559
2005-06-21,58.47154036479121
2005-06-22,60.636769590937014
2005-06-23,64.02712712879966
2005-06-24,68.02886221964854
2005-06-25,72.00445184292417
2005-06-26,75.59106695545373
2005-06-27,78.65440905277543
2005-06-28,81.05640835276586
2005-06-29,97.67234959736264
2005-06-30,84.86744438774404
2005-07-01,85.00207882426463
2005-07-02,85.1177532310947
2005-07-03,85.10330300108296
2005-07-04,85.01551183779367
2005-07-05,84.61461161689914
2005-07-06,83.81114640059296
2005-07-07,82.73208823194658
2005-07-08,81.83776560453862
2005-07-09,80.87012815030923
2005-07-10,79.75378566630512
2005-07-11,78.67039211084477
2005-07-12,77.37799365992636
2005-07-13,75.89205654463268
2005-07-14,74.2658812154998
2005-07-15,72.74024120822128
2005-07-16,71.2368297612056
2005-07-17,69.91218558350087
2005-07-18,68.80772705254952
2005-07-19,67.63037890260395
2005-07-20,66.33315962237904
2005-07-21,65.02096814237278
2005-07-22,63.546499045081354
2005-07-23,62.05620155528333
2005-07-24,60.82149062419948
2005-07-25,59.78174079755495
2005-07-26,58.80393860582401
2005-07-27,57.727660923580196
2005-07-28,56.65717995459169
2005-07-29,55.49395549371125
2005-07-30,54.33152893845652
2005-07-31,53.24286370268282
2005-08-01,52.231266652880926
2005-08-02,51.217770835376484
2005-08-03,50.30781298858741
2005-08-04,49.47663422541835
2005-08-05,48.64262658946801
2005-08-06,47.83440868841008
2005-08-07,47.03952620870631
2005-08-08,46.27190099686319
2005-08-09,45.5403965546723
2005-08-10,44.88436024806218
2005-08-11,44.276889208594675
2005-08-12,43.79323151233798
2005-08-13,43.318769632078954
2005-08-14,42.874888209418046
2005-08-15,42.38946416030798
2005-08-16,41.921104508726835
2005-08-17,41.50578010245397
2005-08-18,117.53064716770207
2005-08-19,42.213341999350725
2005-08-20,40.50747956460483
2005-08-21,40.127694264752805
2005-08-22,39.734408419342046
2005-08-23,39.34587876083959
2005-08-24,39.003709798480024
2005-08-25,38.750356163811766
2005-08-26,38.499928599713535
2005-08-27,38.22050117961601
2005-08-28,37.92456864003837
2005-08-29,37.639927395665794
2005-08-30,37.376832501612554
2005-08-31,37.170993620506415
2005-09-01,37.001587563043785
2005-09-02,36.823112683495935
2005-09-03,36.64407690484224
2005-09-04,36.49833989310603
2005-09-05,36.39334154571691
2005-09-06,36.299449960328154
2005-09-07,36.20660291627903
2005-09-08,36.11389524366257
2005-09-09,36.027172017766965
2005-09-10,41.01488676983793
2005-09-11,36.05198542564124
2005-09-12,35.870395241594444
2005-09-13,35.82343826271308
2005-09-14,35.78595344479743
2005-09-15,35.76017327759305
2005-09-16,35.7517795035827
2005-09-17,35.76299842847934
2005-09-18,35.79013936267573
2005-09-19,35.82992003347064
2005-09-20,35.89108931805204
2005-09-21,35.982679501270965
2005-09-22,36.0905209494307
2005-09-23,36.206595987435776
2005-09-24,36.332211447641484
2005-09-25,36.4585066370555
2005-09-26,36.57835842535086
2005-09-27,36.68395409672606
2005-09-28,39.89029651504078
2005-09-29,37.183267407350826
2005-09-30,36.94595600034645
2005-10-01,37.89182957365317
2005-10-02,37.102041437501214
2005-10-03,37.04650062507828
2005-10-04,37.03834809152882
2005-10-05,37.01142717798698
2005-10-06,36.96510704952595
2005-10-07,36.90517095598464
2005-10-08,36.83663798760408
2005-10-09,36.764323239388204
2005-10-10,36.67894884477772
2005-10-11,36.57757827108289
2005-10-12,36.46225229754247
2005-10-13,36.34051699788763
2005-10-14,36.208607537538995
2005-10-15,36.06946079912026
2005-10-16,35.916463496631074
2005-10-17,35.743740967091654
2005-10-18,35.56749785334176
2005-10-19,35.378292325112824
2005-10-20,35.17332543979663
2005-10-21,34.95599556774143
2005-10-22,34.73024164605753
2005-10-23,34.49216503759147
2005-10-24,34.23482755562458
2005-10-25,33.96612104880902
2005-10-26,33.687702311490916
2005-10-27,33.40195630891634
2005-10-28,33.116616844872375
2005-10-29,32.826572575149335
2005-10-30,32.53003368388719
2005-10-31,32.22748427763929
2005-11-01,31.92004362078029
2005-11-02,31.608123423071774
2005-11-03,31.292178082475605
2005-11-04,30.973491967571846
2005-11-05,30.651977000435938
2005-11-06,30.327787632307885
2005-11-07,30.001344936048675
2005-11-08,29.673547246385063
2005-11-09,29.344636432542345
2005-11-10,29.014990733477177
2005-11-11,28.68435462499267
2005-11-12,28.3533849501185
2005-11-13,28.023203894308445
2005-11-14,27.693533151388323
2005-11-15,27.364925878361973
2005-11-16,27.037517557892805
2005-11-17,26.711306516286964
2005-11-18,26.38637224624009
2005-11-19,26.062869925820493
2005-11-20,25.74123731078354
2005-11-21,25.421228951177866
2005-11-22,25.1034710124435
2005-11-23,24.78773329901283
2005-11-24,24.47452382089085
2005-11-25,24.163905215059113
2005-11-26,23.856154784191904
2005-11-27,23.55122687596412
2005-11-28,23.249553876344446
2005-11-29,22.950801476525353
2005-11-30,22.655004137387632
2005-12-01,22.362206390205554
2005-12-02,22.072465342763863
2005-12-03,21.785820643612695
2005-12-04,21.50231153822234
2005-12-05,21.221963111278203
2005-12-06,20.944760153945488
2005-12-07,20.670701928589278
2005-12-08,20.399750181866718
2005-12-09,20.131854752198695
2005-12-10,19.866968112299496
2005-12-11,19.605039099527108
2005-12-12,19.34600211982426
2005-12-13,19.08981237878716
2005-12-14,18.836430197341514
2005-12-15,18.585834525511093
2005-12-16,18.337999323996613
2005-12-17,18.092907043100585
2005-12-18,17.850549761185107
2005-12-19,17.61090014460522
2005-12-20,17.373922390792888
2005-12-21,17.139560155382856
2005-12-22,16.907744150180807
2005-12-23,16.67844125995701
2005-12-24,16.45131185087692
2005-12-25,16.22623159882783
2005-12-26,16.0034314488184
2005-12-27,15.78266818969291
2005-12-28,15.563926247936728
2005-12-29,15.347375128196973
2005-12-30,15.132737110924472
2005-12-31,14.920274862819209
2006-01-01,14.709956138558187
2006-01-02,14.501776860038031
2006-01-03,14.295741609984116
2006-01-04,14.091896385039734
2006-01-05,13.890320360312401
2006-01-06,13.691002295312629
2006-01-07,13.493870142396275
2006-01-08,13.299115196517405
2006-01-09,13.106489681095908
2006-01-10,12.916024106182658
2006-01-11,12.728319334100966
2006-01-12,12.544739141394988
2006-01-13,12.361349874650582
2006-01-14,12.179990272581056
2006-01-15,12.001104375657015
2006-01-16,11.824326406966033
2006-01-17,11.649770564583527
2006-01-18,11.477706292877597
2006-01-19,11.308032094855658
2006-01-20,11.140693089491773
2006-01-21,10.97580021024408
2006-01-22,10.813246770689592
2006-01-23,10.653029559281533
2006-01-24,10.495332484383036
2006-01-25,10.339811620553283
2006-01-26,10.18653687457445
2006-01-27,10.035653960811683
2006-01-28,9.887118960160405
2006-01-29,9.74089756213757
2006-01-30,9.59698298450922
2006-01-31,9.455318759653698
2006-02-01,9.31579225570883
2006-02-02,9.178524231678642
2006-02-03,9.043583827758395
2006-02-04,8.91150511904758
2006-02-05,8.580062756466994
2006-02-06,8.491628988613199
2006-02-07,8.52684617841549
2006-02-08,8.402075594586998
2006-02-09,8.278984379537114
2006-02-10,8.157803252464598
2006-02-11,8.03855465501805
2006-02-12,7.921069416624223
2006-02-13,7.8052317643011255
2006-02-14,7.691343564330231
2006-02-15,7.579376751753381
2006-02-16,7.469168837427897
2006-02-17,7.36060497019719
2006-02-18,7.253683170439764
2006-02-19,7.148152786216171
2006-02-20,7.044079496247215
2006-02-21,6.941426908175195
2006-02-22,6.840141584450641
2006-02-23,6.740237243908043
2006-02-24,6.642836632879546
2006-02-25,6.544986476086245
2006-02-26,6.44826161334396
2006-02-27,6.353828594253913
2006-02-28,6.139691417663398
2006-03-01,6.02627752986576
2006-03-02,6.071942398158689
2006-03-03,5.979276619409267
2006-03-04,5.8871934881601184
2006-03-05,5.795889441600945
2006-03-06,5.705376287181843
2006-03-07,5.615748830313046
2006-03-08,5.527061875308746
2006-03-09,5.335926042552279
2006-03-10,5.232674338262335
2006-03-11,5.2677570316589595
2006-03-12,5.18296897363726
2006-03-13,5.098992787665408
2006-03-14,5.016048867582267
2006-03-15,4.934121299611119
2006-03-16,4.853261025854125
2006-03-17,4.773384918961694
2006-03-18,4.6945881975029815
2006-03-19,4.529272856527928
2006-03-20,4.438859506509995
2006-03-21,4.465881282004346
2006-03-22,4.391326095419078
2006-03-23,4.3176899197232546
2006-03-24,4.2450605257513345
2006-03-25,4.173242830539632
2006-03-26,4.102599570454349
2006-03-27,4.03307630972228
2006-03-28,3.9645679735872683
2006-03-29,3.8970312384305017
2006-03-30,3.8304816083600133
2006-03-31,3.764646513336858
2006-04-01,3.699948823023747
2006-04-02,3.636444209191276
2006-04-03,3.5738554987007065
2006-04-04,3.512162032014406
2006-04-05,3.451369643444694
2006-04-06,3.3918100681556393
2006-04-07,3.333316106899486
2006-04-08,3.2759505719969035
2006-04-09,3.2193941868185454
2006-04-10,3.163921811486838
2006-04-11,3.109563479584268
2006-04-12,3.0564466611749417
2006-04-13,2.95984157722946
2006-04-14,2.874944462929642
2006-04-15,2.9042579067099252
2006-04-16,2.8560216218503474
2006-04-17,2.808627488385431
2006-04-18,2.762293414504239
2006-04-19,2.716959559345974
2006-04-20,2.6725046057100257
2006-04-21,2.6289619641908364
2006-04-22,2.5864047939118526
2006-04-23,2.545060887680941
2006-04-24,2.5048614620663794
2006-04-25,2.4648282345606716
2006-04-26,2.4255832934688075
2006-04-27,2.3875481849631766
2006-04-28,2.3505597654551655
2006-04-29,2.3143779914343114
2006-04-30,2.278735440128851
2006-05-01,2.244105299288038
2006-05-02,2.210636062992719
2006-05-03,2.178060886498579
2006-05-04,2.146267992388645
2006-05-05,2.1149726322082025
2006-05-06,2.083936591843331
2006-05-07,2.0537461549296046
2006-05-08,2.0246517694923716
2006-05-09,1.9964366834747305
2006-05-10,1.9690776228348317
2006-05-11,1.942366216998826
2006-05-12,1.9160323207516272
2006-05-13,1.8905410547036738
2006-05-14,1.8661245428509459
2006-05-15,1.8421755316762907
2006-05-16,1.8183389933019252
2006-05-17,1.7948977794775018
2006-05-18,1.7720364333695193
2006-05-19,1.7499870936693678
2006-05-20,1.7290451873300476
2006-05-21,1.7102835984776565
2006-05-22,1.6965173533044116
2006-05-23,1.6875062168100927
2006-05-24,4.4654596498529715
2006-05-25,20.0592591883837
2006-05-26,5.489278287357187
2006-05-27,1.7857441869683297
2006-05-28,1.9049663405433777
2006-05-29,2.1152588104977963
2006-05-30,2.4076797318862986
2006-05-31,2.7626628564113234
2006-06-01,5.290607400401006
2006-06-02,25.578186259765364
2006-06-03,29.459573166901816
2006-06-04,25.62270805498689
2006-06-05,11.583551302831168
2006-06-06,18.993026454248263
2006-06-07,35.21566790613899
2006-06-08,56.53333873980363
2006-06-09,23.614935659973696
2006-06-10,21.447222368532497
2006-06-11,24.39130960472679
2006-06-12,27.87196876425097
2006-06-13,31.271676526622354
2006-06-14,34.38353721830066
2006-06-15,37.233767497743315
2006-06-16,55.97394591910706
2006-06-17,43.28135281454308
2006-06-18,44.29959883330716
2006-06-19,46.906901673216396
2006-06-20,49.829333967426464
2006-06-21,52.864344612383746
2006-06-22,55.61174337202398
2006-06-23,57.97555320199111
2006-06-24,59.93076968899373
2006-06-25,61.388111949691776
2006-06-26,62.4104722199021
2006-06-27,62.94251221125181
2006-06-28,63.128452518523815
2006-06-29,63.161920871742296
2006-06-30,63.02556867577774
2006-07-01,62.8528362361176
2006-07-02,62.60471547426294
2006-07-03,62.19582723208947
2006-07-04,61.60989387146926
2006-07-05,60.884395130083874
2006-07-06,60.139014873187676
2006-07-07,59.369004793119835
2006-07-08,58.63888550200239
2006-07-09,57.913530159048314
2006-07-10,57.11271376305524
2006-07-11,123.8823917549128
2006-07-12,60.91203584808118
2006-07-13,55.328335784874184
2006-07-14,54.58904010977866
2006-07-15,53.8774335465766
2006-07-16,53.13052267876418
2006-07-17,52.406144356345955
2006-07-18,51.692957061796925
2006-07-19,51.02200376365982
2006-07-20,50.384859400149686
2006-07-21,49.74365533056926
2006-07-22,48.98510519147968
2006-07-23,48.11554357266677
2006-07-24,47.2652160473258
2006-07-25,46.47141942887151
2006-07-26,45.87158098291988
2006-07-27,45.32307865421051
2006-07-28,44.71753876735568
2006-07-29,44.13024220337429
2006-07-30,43.764945388688425
2006-07-31,43.3441919695859
2006-08-01,42.98118168022576
2006-08-02,42.63402539448926
2006-08-03,42.283383775737995
2006-08-04,41.93707368410655
2006-08-05,41.60324966579322
2006-08-06,41.304238222030925
2006-08-07,40.964289440936064
2006-08-08,40.577647487445006
2006-08-09,40.181148062895296
2006-08-10,39.78985924798846
2006-08-11,44.66248336387745
2006-08-12,40.43877315167041
2006-08-13,39.017580898608145
2006-08-14,38.7686875423237
2006-08-15,38.47171873846343
2006-08-16,38.15157644160654
2006-08-17,37.84424395778025
2006-08-18,37.546080500636585
2006-08-19,37.26286519891876
2006-08-20,36.99378662669326
2006-08-21,36.73791736438058
2006-08-22,36.476240412529656
2006-08-23,36.228858878915084
2006-08-24,36.05679266047577
2006-08-25,35.93433622675881
2006-08-26,35.796284991086615
2006-08-27,35.63643972052617
2006-08-28,35.469376628270695
2006-08-29,35.30430032868192
2006-08-30,35.146876508161526
2006-08-31,35.045663478434136
2006-09-01,34.97570962251393
2006-09-02,34.89280028515649
2006-09-03,34.77550782946436
2006-09-04,34.63656486963754
2006-09-05,34.47972410432638
2006-09-06,34.337269863252814
2006-09-07,34.20614947832608
2006-09-08,34.07730743925655
2006-09-09,33.95570493971653
2006-09-10,33.8497314537691
2006-09-11,33.77025913299074
2006-09-12,33.701520722960396
2006-09-13,33.62885063263852
2006-09-14,33.57467181232717
2006-09-15,33.55440198881399
2006-09-16,33.53327207305585
2006-09-17,33.51450611001604
2006-09-18,33.49490987652129
2006-09-19,33.46625563810429
2006-09-20,33.43081457361229
2006-09-21,33.39578831519229
2006-09-22,33.36619317795665
2006-09-23,33.338061658645266
2006-09-24,33.3051011644992
2006-09-25,33.260888026966136
2006-09-26,33.2158227180651
2006-09-27,33.17371736872535
2006-09-28,33.14128489454395
2006-09-29,33.1101714930295
2006-09-30,33.08782851829429
2006-10-01,33.077858172535564
2006-10-02,33.088709586401485
2006-10-03,33.123938387372625
2006-10-04,33.180474339785555
2006-10-05,33.251981398851534
2006-10-06,33.33269917623268
2006-10-07,33.427989133655885
2006-10-08,33.54148072957353
2006-10-09,33.655441510272716
2006-10-10,33.76359853501117
2006-10-11,33.863458622294644
2006-10-12,33.95203087193763
2006-10-13,34.02251148100834
2006-10-14,34.07663190018038
2006-10-15,34.114136554087146
2006-10-16,34.1352464755397
2006-10-17,34.1448866788341
2006-10-18,34.132733381021666
2006-10-19,34.09660827987555
2006-10-20,34.03755048952056
2006-10-21,33.95677461167818
2006-10-22,33.85631779986505
2006-10-23,33.732836889894614
2006-10-24,33.58509715539741
2006-10-25,33.41619095518818
2006-10-26,33.23000045384072
2006-10-27,33.02948532426976
2006-10-28,32.80850080584365
2006-10-29,32.57183002815383
2006-10-30,32.319618996893766
2006-10-31,32.05513013322564
2006-11-01,31.7781855988606
2006-11-02,31.490068981760803
2006-11-03,31.191965611585168
2006-11-04,30.885352266996275
2006-11-05,30.571221122815963
2006-11-06,30.250345409137303
2006-11-07,29.924140834139237
2006-11-08,29.59371014988662
2006-11-09,29.259634153202718
2006-11-10,28.922925679689797
2006-11-11,28.584556762059055
2006-11-12,28.245543165482953
2006-11-13,27.90601511323088
2006-11-14,27.5668767911981
2006-11-15,27.228488792553463
2006-11-16,26.89152509679175
2006-11-17,25.618645313744597
2006-11-18,26.0643480979547
2006-11-19,25.8983553145011
2006-11-20,25.574781386274378
2006-11-21,25.24968833260004
2006-11-22,24.92786494711763
2006-11-23,24.609833452303267
2006-11-24,24.295662097446744
2006-11-25,23.985451059256903
2006-11-26,23.679240589467405
2006-11-27,23.37716469992182
2006-11-28,23.07927696396102
2006-11-29,22.785628518395818
2006-11-30,22.496255705481413
2006-12-01,22.211185003943182
2006-12-02,21.930436626643882
2006-12-03,21.654009769388523
2006-12-04,21.381892252610267
2006-12-05,21.11406600240644
2006-12-06,20.850505285397883
2006-12-07,20.591144416831828
2006-12-08,20.335879727879224
2006-12-09,20.084813318795465
2006-12-10,19.837871000612584
2006-12-11,19.594791654953536
2006-12-12,19.355747796573723
2006-12-13,19.120782964000114
2006-12-14,18.889575633484476
2006-12-15,18.662043618208422
2006-12-16,18.438282915223144
2006-12-17,18.218227344711078
2006-12-18,18.001857891483294
2006-12-19,17.78905744706406
2006-12-20,17.580333249456835
2006-12-21,17.37762499090427
2006-12-22,17.17518173962357
2006-12-23,16.975674722086875
2006-12-24,16.779532870316803
2006-12-25,16.586634520711257
2006-12-26,16.39696469003367
2006-12-27,16.210368975485622
2006-12-28,16.02736368462144
2006-12-29,15.846609838430865
2006-12-30,15.6686985463278
2006-12-31,15.493613651014305
2007-01-01,15.321341272062686
2007-01-02,15.151668713632024
2007-01-03,14.984693967035934
2007-01-04,14.820342160288783
2007-01-05,14.658535971534233
2007-01-06,14.499219531714092
2007-01-07,14.342339861850785
2007-01-08,14.18784545772086
2007-01-09,14.035685180795518
2007-01-10,13.885809977687876
2007-01-11,13.738170708809532
2007-01-12,13.592721271496357
2007-01-13,13.449416399962363
2007-01-14,13.308211543715865
2007-01-15,13.169064397974463
2007-01-16,13.031934385155255
2007-01-17,12.896780883865643
2007-01-18,12.763565562602516
2007-01-19,12.632250030142783
2007-01-20,12.502797370485641
2007-01-21,12.375170267140147
2007-01-22,12.249332517960879
2007-01-23,12.125248811848007
2007-01-24,12.002883471886655
2007-01-25,11.882201682605267
2007-01-26,11.763169202593097
2007-01-27,11.645751874045818
2007-01-28,11.52991695800556
2007-01-29,11.41563161703635
2007-01-30,11.302864576995862
2007-01-31,11.191585388535293
2007-02-01,11.081763989012186
2007-02-02,10.973371499534283
2007-02-03,10.866379486879604
2007-02-04,10.76075975671197
2007-02-05,10.656484124971632
2007-02-06,10.553525401204777
2007-02-07,10.451855895994665
2007-02-08,10.351447852196868
2007-02-09,10.25227406475392
2007-02-10,10.154307248749486
2007-02-11,10.057520651663049
2007-02-12,9.961887611122533
2007-02-13,9.867382313841878
2007-02-14,9.773980121028176
2007-02-15,9.681657034050753
2007-02-16,9.590389674059791
2007-02-17,9.500156115905662
2007-02-18,9.410934929784556
2007-02-19,9.322705957358826
2007-02-20,9.235447716247922
2007-02-21,9.149142663647675
2007-02-22,9.063772025633808
2007-02-23,8.979316904044794
2007-02-24,8.89576060646263
2007-02-25,8.813085878845282
2007-02-26,8.731276025028297
2007-02-27,8.650314891127648
2007-02-28,8.570186592176771
2007-03-01,8.490875197832366
2007-03-02,8.412365040833011
2007-03-03,8.334640070531671
2007-03-04,8.25768440868602
2007-03-05,8.181482084464148
2007-03-06,8.106016997136349
2007-03-07,8.031272944004465
2007-03-08,7.957233625048379
2007-03-09,7.883881980448303
2007-03-10,7.811202414838849
2007-03-11,7.739178654393138
2007-03-12,7.66779515387448
2007-03-13,7.597037408812
2007-03-14,7.526891557112435
2007-03-15,7.457344813965089
2007-03-16,7.388385748901468
2007-03-17,7.320004462534988
2007-03-18,7.25219244182412
2007-03-19,7.184943093848196
2007-03-20,7.118251057757421
2007-03-21,7.052110721122908
2007-03-22,6.986519589526525
2007-03-23,6.921474396454067
2007-03-24,6.856973067568719
2007-03-25,6.793013987351969
2007-03-26,6.729596072081359
2007-03-27,6.666718900190677
2007-03-28,6.604382651716212
2007-03-29,6.542586591591108
2007-03-30,6.481332627027423
2007-03-31,6.420620965064218
2007-04-01,6.360452904676564
2007-04-02,6.300829169381571
2007-04-03,6.241750316177961
2007-04-04,6.1832169067289815
2007-04-05,6.125229204289116
2007-04-06,6.06778712986702
2007-04-07,6.010890584409209
2007-04-08,5.954539033033217
2007-04-09,5.898731498262413
2007-04-10,5.843466450708988
2007-04-11,5.78874159880368
2007-04-12,5.734553700580199
2007-04-13,5.68089914788699
2007-04-14,5.627772886755353
2007-04-15,5.57517109828385
2007-04-16,5.523089318978238
2007-04-17,5.471523045881556
2007-04-18,5.42046789847523
2007-04-19,5.369919389456424
2007-04-20,5.319871991718914
2007-04-21,5.270321335550235
2007-04-22,5.221262164150735
2007-04-23,5.1726896749772315
2007-04-24,5.1245992314108095
2007-04-25,5.07698657408257
2007-04-26,5.02984768551196
2007-04-27,4.983178916848488
2007-04-28,4.936976702351662
2007-04-29,4.891237780975915
2007-04-30,4.845959562701839
2007-05-01,4.801137738856053
2007-05-02,4.756770728271286
2007-05-03,4.712855786668296
2007-05-04,4.669390656829797
2007-05-05,4.62637324338875
2007-05-06,4.583801520696027
2007-05-07,4.541680182038963
2007-05-08,4.499999504159074
2007-05-09,4.458742940789784
2007-05-10,4.4179370875792845
2007-05-11,4.377569335779886
2007-05-12,4.337638790702009
2007-05-13,4.298144955253075
2007-05-14,4.2590876946320595
2007-05-15,4.220467209943058
2007-05-16,4.182283937333376
2007-05-17,4.1445384504668725
2007-05-18,4.1072313537498015
2007-05-19,4.070363189184374
2007-05-20,4.033934382674588
2007-05-21,3.9979462117797753
2007-05-22,3.9624091503079417
2007-05-23,3.9273516157887896
2007-05-24,3.8928087428886333
2007-05-25,3.858810590088787
2007-05-26,3.825378514382631
2007-05-27,3.792525480882961
2007-05-28,3.7602577915994724
2007-05-29,3.72857659011168
2007-05-30,3.697479180272876
2007-05-31,3.666965499930353
2007-06-01,3.637028300984206
2007-06-02,3.60765928604351
2007-06-03,5.981413290455734
2007-06-04,28.256759967690982
2007-06-05,83.36168837561698
2007-06-06,57.96202896212924
2007-06-07,14.17938019147221
2007-06-08,4.63175577480381
2007-06-09,22.707014476259516
2007-06-10,12.774482766709665
2007-06-11,36.10356697230805
2007-06-12,19.54592357951326
2007-06-13,9.150608650655448
2007-06-14,11.54512745614376
2007-06-15,14.475711747425914
2007-06-16,17.687731056517947
2007-06-17,21.424531035532286
2007-06-18,78.82210622004855
2007-06-19,40.872399101201005
2007-06-20,60.96687158879414
2007-06-21,111.47723790918211
2007-06-22,140.1379370699697
2007-06-23,141.96681025092047
2007-06-24,143.51695141182788
2007-06-25,134.40452622135737
2007-06-26,123.28984063191997
2007-06-27,173.92844865566258
2007-06-28,227.19289147323715
2007-06-29,231.6366774038766
2007-06-30,224.15234578993045
2007-07-01,204.6078770778537
2007-07-02,229.65018032517253
2007-07-03,264.2196402134125
2007-07-04,289.3139797642965
2007-07-05,338.6587592159544
2007-07-06,386.52448179190657
2007-07-07,379.1356015694681
2007-07-08,300.74323973608114
2007-07-09,227.2161264092786
2007-07-10,218.89658688988027
2007-07-11,214.2764285347553
2007-07-12,206.6649269572261
2007-07-13,196.1224409466716
2007-07-14,184.35971557568962
2007-07-15,172.813284889978
2007-07-16,161.94602231713543
2007-07-17,151.99799814255266
2007-07-18,142.87904412567295
2007-07-19,134.56102546946704
2007-07-20,185.42397016118105
2007-07-21,122.58917997242162
2007-07-22,116.04138397619974
2007-07-23,110.90237160710537
2007-07-24,106.01768994840161
2007-07-25,101.67016086954823
2007-07-26,98.14464025262134
2007-07-27,94.68561860958687
2007-07-28,91.32239700383062
2007-07-29,88.27242053382847
2007-07-30,85.45574694480426
2007-07-31,82.89071681511057
2007-08-01,80.55781811556047
2007-08-02,78.4624146181338
2007-08-03,76.2804351376896
2007-08-04,74.16277713141336
2007-08-05,72.32849139475454
2007-08-06,70.64773141652235
2007-08-07,69.00238318599936
2007-08-08,67.48133865414594
2007-08-09,66.0595979812188
2007-08-10,64.9320988756832
2007-08-11,63.901550439239294
2007-08-12,62.82777504896766
2007-08-13,61.748179254351676
2007-08-14,60.690050905171624
2007-08-15,59.7063529658152
2007-08-16,58.79869599799859
2007-08-17,57.94594044186766
2007-08-18,57.153299130535004
2007-08-19,56.471115409788204
2007-08-20,55.945688446550804
2007-08-21,55.56303299724119
2007-08-22,55.20271592577721
2007-08-23,54.82802523185789
2007-08-24,54.470813811240845
2007-08-25,54.131616577254135
2007-08-26,53.79084283271826
2007-08-27,53.48381193342088
2007-08-28,53.24275696153671
2007-08-29,52.988273082032045
2007-08-30,52.69012235594613
2007-08-31,52.316814171551854
2007-09-01,51.92863996673089
2007-09-02,51.54990832851332
2007-09-03,51.22273978466804
2007-09-04,50.87266810485592
2007-09-05,50.52694660513058
2007-09-06,50.15674565340166
2007-09-07,49.804137037145274
2007-09-08,49.48700740730551
2007-09-09,49.179409766501
2007-09-10,48.880024030174226
2007-09-11,48.57758425579767
2007-09-12,48.24199375969913
2007-09-13,89.15316245291521
2007-09-14,48.383561399508444
2007-09-15,47.24795938313671
2007-09-16,46.89188988301387
2007-09-17,46.538437916934726
2007-09-18,46.191323504073694
2007-09-19,45.853602011222684
2007-09-20,45.5282220934176
2007-09-21,45.201883928467886
2007-09-22,44.878508386204594
2007-09-23,44.55682845872001
2007-09-24,44.23436899345208
2007-09-25,43.90934020560178
2007-09-26,43.57427654094676
2007-09-27,43.23582041930858
2007-09-28,42.89274785728046
2007-09-29,42.546181801419166
2007-09-30,42.21240593186508
2007-10-01,41.87331645822207
2007-10-02,41.52891313694977
2007-10-03,41.18441322322619
2007-10-04,40.84013296797781
2007-10-05,40.494072607489244
2007-10-06,40.14514144654646
2007-10-07,39.7921461816039
2007-10-08,39.43267617101539
2007-10-09,39.068798660500114
2007-10-10,38.703410362760685
2007-10-11,38.322207210416465
2007-10-12,37.939753926395184
2007-10-13,37.5610680045755
2007-10-14,37.17556746488869
2007-10-15,36.78403286787245
2007-10-16,36.38365836248596
2007-10-17,35.97997004218649
2007-10-18,35.57629126583352
2007-10-19,35.17325672479386
2007-10-20,34.76974744363651
2007-10-21,34.36583459218372
2007-10-22,33.959293604740644
2007-10-23,33.550748569324504
2007-10-24,33.13911577297558
2007-10-25,32.719695982054624
2007-10-26,32.29979206000985
2007-10-27,31.885381750575693
2007-10-28,31.47044616640203
2007-10-29,31.054421496581377
2007-10-30,30.640492296908945
2007-10-31,30.22799616871195
2007-11-01,29.817013881341524
2007-11-02,29.407275943215698
2007-11-03,28.999578235214152
2007-11-04,28.59444516017948
2007-11-05,28.191074195349053
2007-11-06,27.790923671931264
2007-11-07,27.39274872701387
2007-11-08,26.997086295870993
2007-11-09,26.604661664786025
2007-11-10,26.215354603723043
2007-11-11,25.829945724205785
2007-11-12,25.447463709240942
2007-11-13,25.069420869255687
2007-11-14,24.695588700242517
2007-11-15,24.326381491337024
2007-11-16,23.961876135663555
2007-11-17,23.601464448471543
2007-11-18,23.24588944045511
2007-11-19,22.895203923586216
2007-11-20,22.54994935406445
2007-11-21,22.20973362235904
2007-11-22,21.87469718754145
2007-11-23,21.54483657006511
2007-11-24,21.220168847050864
2007-11-25,20.900678672092884
2007-11-26,20.586321895142216
2007-11-27,20.277044652531675
2007-11-28,19.972757006914712
2007-11-29,19.673371635924155
2007-11-30,19.37879112895209
2007-12-01,19.088920097076787
2007-12-02,18.80368568438412
2007-12-03,18.52300008833609
2007-12-04,18.246763118383903
2007-12-05,17.974858558032533
2007-12-06,17.707135802268684
2007-12-07,17.443494028038497
2007-12-08,17.183778617640925
2007-12-09,16.92793851284688
2007-12-10,16.675867620310395
2007-12-11,16.427499309661354
2007-12-12,16.182775141578173
2007-12-13,15.941642135523647
2007-12-14,15.704056109990645
2007-12-15,15.469960197436546
2007-12-16,15.239298577372894
2007-12-17,15.012016618256808
2007-12-18,14.7880531770977
2007-12-19,14.567355425634256
2007-12-20,14.349861646590739
2007-12-21,14.135497879564172
2007-12-22,13.924242557820437
2007-12-23,13.71605388370828
2007-12-24,13.510870106693458
2007-12-25,13.308644683604781
2007-12-26,13.109331256519473
2007-12-27,12.912899421737523
2007-12-28,12.719288673486936
2007-12-29,12.528453066899482
2007-12-30,12.340345045971981
2007-12-31,12.154921345590516
2008-01-01,11.972143158624773
2008-01-02,11.7919701305921
2008-01-03,11.614362262197794
2008-01-04,11.439276719291557
2008-01-05,11.266767418563823
2008-01-06,11.096578488876458
2008-01-07,10.928609626571449
2008-01-08,10.763159196135879
2008-01-09,10.599928087429323
2008-01-10,10.439436603508307
2008-01-11,10.283224699204103
2008-01-12,10.126862549875895
2008-01-13,9.97248131798207
2008-01-14,9.82037947277147
2008-01-15,9.670399159411735
2008-01-16,9.522463762421888
2008-01-17,9.376672270965926
2008-01-18,9.23302737904225
2008-01-19,9.09146606086448
2008-01-20,8.951964034149684
2008-01-21,8.814518094132405
2008-01-22,8.679096307193321
2008-01-23,8.545959255601263
2008-01-24,8.41576721334039
2008-01-25,8.28636224683664
2008-01-26,8.15872412477314
2008-01-27,8.033134394302142
2008-01-28,7.909222325395846
2008-01-29,7.7871989939924955
2008-01-30,7.666997320495031
2008-01-31,7.54868816950099
2008-02-01,7.4331125273928045
2008-02-02,7.31805418351251
2008-02-03,7.039968172486929
2008-02-04,6.960860684899141
2008-02-05,6.983226066590874
2008-02-06,6.874366169556197
2008-02-07,6.766761915153953
2008-02-08,6.661441528819048
2008-02-09,6.556459478893213
2008-02-10,6.452764227835474
2008-02-11,6.351370599240713
2008-02-12,6.250797544640181
2008-02-13,6.15174065957051
2008-02-14,6.052997079979113
2008-02-15,5.955301364760066
2008-02-16,5.858808278643762
2008-02-17,5.763516609347109
2008-02-18,5.669440499384362
2008-02-19,5.576621147701312
2008-02-20,5.485017317796138
2008-02-21,5.394665198471608
2008-02-22,5.305594682035863
2008-02-23,5.217776282966987
2008-02-24,5.131231591773721
2008-02-25,5.046057040539349
2008-02-26,4.962224751141732
2008-02-27,4.879658483414187
2008-02-28,4.7984083173359835
2008-02-29,4.718510631832995
2008-03-01,4.639785319026613
2008-03-02,4.562323853842184
2008-03-03,4.486089157762868
2008-03-04,4.41107199145812
2008-03-05,4.337251961227896
2008-03-06,4.264598389462894
2008-03-07,4.19305773047442
2008-03-08,4.122620546074737
2008-03-09,4.0533046226960865
2008-03-10,3.9851596768764015
2008-03-11,3.9181939848519853
2008-03-12,3.8522941647301727
2008-03-13,3.7874967047332846
2008-03-14,3.723697951552243
2008-03-15,3.660822865013928
2008-03-16,3.599480012707846
2008-03-17,3.538859370111411
2008-03-18,3.4790581081097525
2008-03-19,3.4201976618633165
2008-03-20,3.362264719957013
2008-03-21,3.3051903261877027
2008-03-22,3.2490842213201483
2008-03-23,3.1938477749203296
2008-03-24,3.1394207368943055
2008-03-25,3.0859584857751945
2008-03-26,3.033280742541399
2008-03-27,2.98135642366617
2008-03-28,2.9302327029971362
2008-03-29,2.8798293136398327
2008-03-30,2.8301655386434623
2008-03-31,2.7811888819237773
2008-04-01,2.7328741617230605
2008-04-02,2.685211639289625
2008-04-03,2.6381516721607055
2008-04-04,2.5916444200258972
2008-04-05,2.5457628866696154
2008-04-06,2.500454666745056
2008-04-07,2.455752380269914
2008-04-08,2.411567021402307
2008-04-09,2.3678610348247853
2008-04-10,2.324657549076157
2008-04-11,2.2820608125328525
2008-04-12,2.2400366152280533
2008-04-13,2.1984616709347526
2008-04-14,2.1572226602309996
2008-04-15,2.0852005970953176
2008-04-16,2.021347445218507
2008-04-17,2.0377846412500396
2008-04-18,1.9991736823870452
2008-04-19,1.9609990485542963
2008-04-20,1.9236231367967371
2008-04-21,1.8869237860562578
2008-04-22,1.823475095468843
2008-04-23,1.767128851841195
2008-04-24,1.7811793043369812
2008-04-25,1.7474099324543455
2008-04-26,1.7142340841396058
2008-04-27,1.681753292436795
2008-04-28,1.6498209174670226
2008-04-29,1.618539144163245
2008-04-30,1.5878894430479589
2008-05-01,1.5579976473951083
2008-05-02,1.528754825952022
2008-05-03,1.4999987684465534
2008-05-04,1.4717063669007484
2008-05-05,1.4439893309317287
2008-05-06,1.4168650872466575
2008-05-07,1.39047269408614
2008-05-08,1.3647426947110846
2008-05-09,1.3396185978276296
2008-05-10,1.315111273493542
2008-05-11,1.291164063121839
2008-05-12,1.2678243907534812
2008-05-13,1.245104663146921
2008-05-14,1.2229093060657952
2008-05-15,1.2013109553152252
2008-05-16,1.1802435355820566
2008-05-17,1.159599135450377
2008-05-18,1.1394409171549007
2008-05-19,1.1198572727367724
2008-05-20,1.1009015556423825
2008-05-21,1.082625555068889
2008-05-22,1.0651835346392937
2008-05-23,1.0486636887118492
2008-05-24,1.0330666224675678
2008-05-25,1.0183947763575554
2008-05-26,1.0047713476665856
2008-05-27,0.9925351236800934
2008-05-28,0.982637602925367
2008-05-29,0.9754997788114405
2008-05-30,0.9712450771748871
2008-05-31,0.9708213725165037
2008-06-01,1.4938963659976006
2008-06-02,6.591041611513019
2008-06-03,2.547352545300292
2008-06-04,1.1887202933047047
2008-06-05,7.7376823215947885
2008-06-06,7.676599653774861
2008-06-07,3.5437986413381766
2008-06-08,3.274850414513179
2008-06-09,4.223775720214112
2008-06-10,5.277154772325109
2008-06-11,6.681807017160651
2008-06-12,8.060807434956857
2008-06-13,9.603903361739926
2008-06-14,11.715103543692392
2008-06-15,13.68304439006796
2008-06-16,17.825124889048087
2008-06-17,30.671029706571115
2008-06-18,32.720046040110745
2008-06-19,31.38472868973079
2008-06-20,34.51181677641761
2008-06-21,58.15897986053791
2008-06-22,112.96565944748913
2008-06-23,84.77772649137282
2008-06-24,85.46254124541703
2008-06-25,88.6916048540549
2008-06-26,106.25337852842432
2008-06-27,98.34240988749339
2008-06-28,104.91120425954536
2008-06-29,110.17113776640593
2008-06-30,112.7122557954744
2008-07-01,113.44083770602336
2008-07-02,112.9648035087971
2008-07-03,112.18518421455158
2008-07-04,110.54237247900102
2008-07-05,107.87877806397168
2008-07-06,105.164720843534
2008-07-07,102.25482411297028
2008-07-08,99.19852776111375
2008-07-09,96.24765583273732
2008-07-10,93.27148109882106
2008-07-11,90.3643384728747
2008-07-12,93.14827021497734
2008-07-13,85.85229077794992
2008-07-14,82.92615410446022
2008-07-15,80.3824401212209
2008-07-16,78.05353467872828
2008-07-17,75.80782250816986
2008-07-18,73.72086048219805
2008-07-19,71.71650781611852
2008-07-20,69.86795095622207
2008-07-21,68.0517886416484
2008-07-22,66.21476000149957
2008-07-23,64.43729977589867
2008-07-24,62.92987765368866
2008-07-25,61.75453766869123
2008-07-26,60.52230394225047
2008-07-27,59.15880048128659
2008-07-28,57.858814373058394
2008-07-29,56.73200612795443
2008-07-30,55.62473312743023
2008-07-31,54.59842475206553
2008-08-01,53.7202064823343
2008-08-02,52.85823965405769
2008-08-03,52.06483009002051
2008-08-04,51.272118931072626
2008-08-05,50.537887573842916
2008-08-06,49.8017558560341
2008-08-07,49.024260277635875
2008-08-08,48.231792139035285
2008-08-09,47.4881559139571
2008-08-10,46.79851147497616
2008-08-11,46.18939285232121
2008-08-12,45.673452679291046
2008-08-13,45.17277928737098
2008-08-14,44.619793224909195
2008-08-15,44.070819590592656
2008-08-16,43.4944729430347
2008-08-17,42.93353550881061
2008-08-18,42.40737621112183
2008-08-19,41.90518278796848
2008-08-20,41.455056285095054
2008-08-21,41.1007419191749
2008-08-22,40.81744840569449
2008-08-23,40.5506267949284
2008-08-24,40.25645834571293
2008-08-25,39.93473239870815
2008-08-26,39.63790441829791
2008-08-27,39.39414792811313
2008-08-28,39.17545021608419
2008-08-29,38.956891862796276
2008-08-30,38.745281687968024
2008-08-31,38.54940707601284
2008-09-01,76.31232590789202
2008-09-02,41.53237195681586
2008-09-03,38.03985402491689
2008-09-04,37.85679025434239
2008-09-05,37.677448692784765
2008-09-06,37.50653417739362
2008-09-07,37.34413301456363
2008-09-08,37.18505654144469
2008-09-09,37.02296408170786
2008-09-10,36.84865026186304
2008-09-11,36.684914510233476
2008-09-12,36.51080510045206
2008-09-13,36.31982987963081
2008-09-14,47.586405550872676
2008-09-15,36.836218225627626
2008-09-16,35.77310913907489
2008-09-17,35.56050591872402
2008-09-18,35.33983407366153
2008-09-19,35.11978778709934
2008-09-20,34.89867340545952
2008-09-21,34.671552566612434
2008-09-22,34.44740050706443
2008-09-23,34.24834383749597
2008-09-24,34.048022542235984
2008-09-25,33.848021387093105
2008-09-26,33.64562522165458
2008-09-27,33.44422982444493
2008-09-28,33.24902778487633
2008-09-29,33.05607585749497
2008-09-30,32.86384396253489
2008-10-01,32.66807691574168
2008-10-02,32.47439008926367
2008-10-03,32.280348671494345
2008-10-04,32.089440521966814
2008-10-05,31.90723886139262
2008-10-06,31.736011993258227
2008-10-07,31.565898058582746
2008-10-08,31.395200451806616
2008-10-09,31.22553045144481
2008-10-10,31.057367530098595
2008-10-11,30.88717476038432
2008-10-12,30.716645722376118
2008-10-13,30.54134144808827
2008-10-14,30.361222404066094
2008-10-15,30.177893766621413
2008-10-16,29.989029750397613
2008-10-17,29.789612414847667
2008-10-18,29.57970961522635
2008-10-19,29.361253121549524
2008-10-20,29.130871546551703
2008-10-21,28.887655558918524
2008-10-22,28.633075312523786
2008-10-23,28.36893645322186
2008-10-24,28.09243468850266
2008-10-25,27.806810430071266
2008-10-26,27.512878685019917
2008-10-27,27.213195231693298
2008-10-28,26.905674453546553
2008-10-29,26.590577936084593
2008-10-30,26.2707333621379
2008-10-31,25.94571589842288
2008-11-01,25.617106016912786
2008-11-02,25.28537468989444
2008-11-03,24.95406546172243
2008-11-04,24.623451259018044
2008-11-05,24.29185708417007
2008-11-06,23.960169872978728
2008-11-07,23.629120837227997
2008-11-08,23.299456892269838
2008-11-09,22.971169536266316
2008-11-10,22.645017201002087
2008-11-11,22.321217501499397
2008-11-12,22.000118070117033
2008-11-13,21.682501908210625
2008-11-14,21.3675822432507
2008-11-15,21.05592120051989
2008-11-16,20.74806332685154
2008-11-17,20.443610439187673
2008-11-18,20.143283982668635
2008-11-19,19.846841211899335
2008-11-20,19.55425485218594
2008-11-21,19.26588179955869
2008-11-22,18.981598508453256
2008-11-23,18.70163499446097
2008-11-24,18.425846986696236
2008-11-25,18.154219697574966
2008-11-26,17.88669449051589
2008-11-27,17.623295282611316
2008-11-28,17.364116392473548
2008-11-29,17.109007358684295
2008-11-30,16.857873000194168
2008-12-01,16.610557371126678
2008-12-02,16.366937034587792
2008-12-03,16.126965149760974
2008-12-04,15.890951671693854
2008-12-05,15.658497536993751
2008-12-06,15.429492396602718
2008-12-07,15.203861669614737
2008-12-08,14.981497117966283
2008-12-09,14.762288464427291
2008-12-10,14.54612020173785
2008-12-11,14.332891374070158
2008-12-12,14.122516619269156
2008-12-13,13.914926859239575
2008-12-14,13.710060645546799
2008-12-15,13.507872039951614
2008-12-16,13.308319366474793
2008-12-17,13.1113627489795
2008-12-18,12.91696409894238
2008-12-19,12.725073625809221
2008-12-20,12.535628933589123
2008-12-21,12.348554280170775
2008-12-22,12.16375789755467
2008-12-23,11.981142382692292
2008-12-24,11.800600457211283
2008-12-25,11.62200778940222
2008-12-26,11.445228203290151
2008-12-27,11.270116862744798
2008-12-28,11.09652094263404
2008-12-29,10.924288088253913
2008-12-30,10.753272034267537
2008-12-31,10.583343027869846
2009-01-01,10.414404671179687
2009-01-02,10.246402361635122
2009-01-03,10.079327110654045
2009-01-04,9.913210803542649
2009-01-05,9.748115895324993
2009-01-06,9.584118048259594
2009-01-07,9.42130435791043
2009-01-08,9.259753616190014
2009-01-09,8.861398615806406
2009-01-10,8.804906220194281
2009-01-11,8.784922690177364
2009-01-12,8.629361546174426
2009-01-13,8.475040828496041
2009-01-14,8.104766143053947
2009-01-15,8.047835987151009
2009-01-16,8.024728528666676
2009-01-17,7.8781102444376465
2009-01-18,7.733453505751644
2009-01-19,7.591011714931115
2009-01-20,7.450843455105749
2009-01-21,7.313034717125774
2009-01-22,7.177642290025689
2009-01-23,7.044676210851333
2009-01-24,6.914193290613444
2009-01-25,6.786004515526001
2009-01-26,6.6601779308789135
2009-01-27,6.536619546594737
2009-01-28,6.4152635380725656
2009-01-29,6.296014090205301
2009-01-30,6.178787945926422
2009-01-31,6.063390074187518
2009-02-01,5.949662054531743
2009-02-02,5.83762156991753
2009-02-03,5.7271695591440634
2009-02-04,5.618028821185291
2009-02-05,5.510299222610129
2009-02-06,5.4039353045583685
2009-02-07,5.298966775388655
2009-02-08,5.195724279095442
2009-02-09,5.094914794538743
2009-02-10,4.994281343557013
2009-02-11,4.895014754860264
2009-02-12,4.797280692962677
2009-02-13,4.701026850634515
2009-02-14,4.606309877334728
2009-02-15,4.513105116935833
2009-02-16,4.4214270349413045
2009-02-17,4.331116278689073
2009-02-18,4.242241536783623
2009-02-19,4.154715170464187
2009-02-20,4.068476956052371
2009-02-21,3.983570069006623
2009-02-22,3.899917965663961
2009-02-23,3.817406770576282
2009-02-24,3.736050821636546
2009-02-25,3.6559096761377203
2009-02-26,3.5769686532275626
2009-02-27,3.375064001155878
2009-02-28,3.392969364082231
2009-03-01,3.338328758494033
2009-03-02,3.264421439930024
2009-03-03,3.1917552469940715
2009-03-04,3.1204701223970592
2009-03-05,3.0503850165651913
2009-03-06,2.981686509974307
2009-03-07,2.914338834433723
2009-03-08,2.8484334381090144
2009-03-09,2.783738881602719
2009-03-10,2.720477866377362
2009-03-11,2.658621990951241
2009-03-12,2.598054245175331
2009-03-13,2.5388211526737736
2009-03-14,2.4808680717853213
2009-03-15,2.424156758731945
2009-03-16,2.3687019526084785
2009-03-17,2.3143967142196087
2009-03-18,2.261177400633715
2009-03-19,2.209021814208351
2009-03-20,2.1578825738154506
2009-03-21,2.107743511809548
2009-03-22,2.058593231790569
2009-03-23,2.010448660584223
2009-03-24,1.9632254406709564
2009-03-25,1.8886133978043056
2009-03-26,1.8215730970909982
2009-03-27,1.8274835150380775
2009-03-28,1.7841831748286359
2009-03-29,1.7417248668009755
2009-03-30,1.7002362607438428
2009-03-31,1.6596614674081702
2009-04-01,1.6200202219707474
2009-04-02,1.5813077211087951
2009-04-03,1.5434407139987874
2009-04-04,1.5064504500817586
2009-04-05,1.470328972245719
2009-04-06,1.4350084825208633
2009-04-07,1.4004758630192078
2009-04-08,1.3667364631056194
2009-04-09,1.333760533266005
2009-04-10,1.3015448242106904
2009-04-11,1.2700841788542088
2009-04-12,1.2393604465645878
2009-04-13,1.2093853711702773
2009-04-14,1.1801520192497095
2009-04-15,1.1516548698239348
2009-04-16,1.123849775612117
2009-04-17,1.0967707310627202
2009-04-18,1.0703900749545259
2009-04-19,1.0447281175884262
2009-04-20,1.0197584201125525
2009-04-21,0.995464865427871
2009-04-22,0.9717841024564862
2009-04-23,0.9487158489022488
2009-04-24,0.926280294882461
2009-04-25,0.904442924323262
2009-04-26,0.8831812200630851
2009-04-27,0.8625085171413207
2009-04-28,0.8423993914078531
2009-04-29,0.8228675759058188
2009-04-30,0.803868763128446
2009-05-01,0.7853967194765729
2009-05-02,0.7674273280098378
2009-05-03,0.7499263903589601
2009-05-04,0.7328822453071968
2009-05-05,0.7162854206615643
2009-05-06,0.700106435632352
2009-05-07,0.6843369635436579
2009-05-08,0.6689619441313892
2009-05-09,0.6539736799440996
2009-05-10,0.6393742614061569
2009-05-11,0.6251666532274555
2009-05-12,0.6113396901361423
2009-05-13,0.5979077250776547
2009-05-14,0.5848651046345277
2009-05-15,0.572208250115473
2009-05-16,0.559930206924843
2009-05-17,0.5480226667598684
2009-05-18,0.5364968452632228
2009-05-19,0.5253364390486432
2009-05-20,0.5145347201119234
2009-05-21,0.50408524511717
2009-05-22,0.49397396645996605
2009-05-23,0.48420794220330027
2009-05-24,0.47478261774859615
2009-05-25,0.4657018029196296
2009-05-26,0.45697289270072955
2009-05-27,0.4486087518467687
2009-05-28,0.4406323750824639
2009-05-29,0.4330775943873015
2009-05-30,0.4259868147237773
2009-05-31,1.0862298518125144
2009-06-01,0.6529863074655807
2009-06-02,0.4294251383331884
2009-06-03,6.822918778013815
2009-06-04,31.09617097695931
2009-06-05,57.06028347379834
2009-06-06,11.339286184940981
2009-06-07,0.5510089326659586
2009-06-08,0.6650891449833737
2009-06-09,0.8898938890863586
2009-06-10,1.1368544537112744
2009-06-11,1.4671730473725244
2009-06-12,15.87167718448854
2009-06-13,18.142879502013624
2009-06-14,48.295396024379016
2009-06-15,44.87782329246131
2009-06-16,13.539849177940471
2009-06-17,11.598149395481872
2009-06-18,13.416974517425462
2009-06-19,16.34063094507741
2009-06-20,19.427559840696137
2009-06-21,23.312001678270565
2009-06-22,27.055500305496547
2009-06-23,30.884478454139916
2009-06-24,34.157502096478375
2009-06-25,37.0437374555422
2009-06-26,39.94864550923179
2009-06-27,42.629447988635945
2009-06-28,44.994613088243796
2009-06-29,46.988925150117254
2009-06-30,48.64565059705512
2009-07-01,49.96900614359038
2009-07-02,51.00802590821461
2009-07-03,51.75539301080231
2009-07-04,52.220014337281235
2009-07-05,52.40265096356462
2009-07-06,52.41650710937142
2009-07-07,60.04710858741789
2009-07-08,54.1850257866501
2009-07-09,52.30449889533016
2009-07-10,52.11840120997789
2009-07-11,51.92368642761064
2009-07-12,51.59131591008856
2009-07-13,51.12673526630433
2009-07-14,50.752112864744966
2009-07-15,50.80478213653367
2009-07-16,50.542544925062785
2009-07-17,50.21607324649084
2009-07-18,49.845264100982185
2009-07-19,49.530927519222296
2009-07-20,49.325796747604564
2009-07-21,49.25313868101114
2009-07-22,49.18567454530554
2009-07-23,49.09288759027142
2009-07-24,48.998817461608326
2009-07-25,48.86272973862372
2009-07-26,48.663191167142315
2009-07-27,48.478217083737476
2009-07-28,48.279629744854084
2009-07-29,50.35002837023727
2009-07-30,48.187648673814515
2009-07-31,47.90155002787962
2009-08-01,47.675144667724574
2009-08-02,47.4110758324639
2009-08-03,47.080383185017844
2009-08-04,46.73796597515415
2009-08-05,46.47884666749969
2009-08-06,46.36480319501494
2009-08-07,46.2191274841536
2009-08-08,45.99520077810599
2009-08-09,45.710615400953344
2009-08-10,45.429851493822
2009-08-11,45.160656689848246
2009-08-12,44.92715024928059
2009-08-13,44.772032658588365
2009-08-14,44.580120647829084
2009-08-15,44.43682779624289
2009-08-16,44.264426679957225
2009-08-17,44.06589048223815
2009-08-18,43.83627240948247
2009-08-19,43.580539487136775
2009-08-20,43.319298142287494
2009-08-21,43.04908255605631
2009-08-22,42.77293570551156
2009-08-23,42.52321234220907
2009-08-24,42.32496076412813
2009-08-25,42.15585769130532
2009-08-26,41.98765007972172
2009-08-27,41.82505596110785
2009-08-28,41.66617339264525
2009-08-29,41.48296410034852
2009-08-30,41.275661647139486
2009-08-31,41.05256694016382
2009-09-01,40.82112099736446
2009-09-02,40.59277139880993
2009-09-03,40.369279368990114
2009-09-04,40.15236756836096
2009-09-05,39.954167453321055
2009-09-06,39.75169214309856
2009-09-07,39.53769038654185
2009-09-08,39.344844650162074
2009-09-09,39.1560111220055
2009-09-10,38.949439285990955
2009-09-11,38.73276803918633
2009-09-12,38.50131496924099
2009-09-13,38.24664936635709
2009-09-14,37.97377917601274
2009-09-15,37.684473957998165
2009-09-16,37.39137127394052
2009-09-17,37.08439592310816
2009-09-18,36.7746696962042
2009-09-19,36.48358611292801
2009-09-20,36.17292373625356
2009-09-21,35.864839945297845
2009-09-22,35.5680829401125
2009-09-23,35.26389994002075
2009-09-24,34.94989934047402
2009-09-25,34.63444256029605
2009-09-26,34.32013826611839
2009-09-27,34.01005554885096
2009-09-28,33.70321469812662
2009-09-29,33.39970487607398
2009-09-30,33.09331263355557
